Case Submitter ID,survival_time_days,survival_event,Age_years,Sex_male,Race_black or african american,Race_other,Race_white,Ethnicity_hispanic or latino,Ethnicity_not hispanic or latino,Tumor Grade_G2,Tumor Grade_G3,Tumor Grade_G4,AJCC Pathologic Stage_Stage IA,AJCC Pathologic Stage_Stage IB,AJCC Pathologic Stage_Stage IIA,AJCC Pathologic Stage_Stage IIB,AJCC Pathologic Stage_Stage III,AJCC Pathologic Stage_Stage IIIB,AJCC Pathologic Stage_Stage IV,AJCC Pathologic Stage_Unknown,AJCC Pathologic T_T1a,AJCC Pathologic T_T1c,AJCC Pathologic T_T2,AJCC Pathologic T_T3,AJCC Pathologic T_T4,AJCC Pathologic T_TX,AJCC Pathologic T_Unknown,AJCC Pathologic N_N1,AJCC Pathologic N_N2,AJCC Pathologic N_NX,AJCC Pathologic N_Unknown,AJCC Pathologic M_M1,AJCC Pathologic M_M1b,AJCC Pathologic M_MX
C3L-01687,376.0,1.0,1.3401962328560666,0,0,1,0,0,0,1,0,0,0,0,0,1,0,0,0,0,0,0,0,1,0,0,0,1,0,0,0,0,0,0
C3L-01328,271.0,0.0,0.6901579998060798,1,0,0,1,0,1,0,1,0,0,0,0,1,0,0,0,0,0,0,0,1,0,0,0,1,0,0,0,0,0,1
C3N-02585,1189.0,1.0,0.06693068220484706,1,0,0,0,0,0,0,1,0,1,0,0,0,0,0,0,0,0,1,0,0,0,0,0,0,0,0,0,0,0,1
C3N-00517,1142.0,1.0,0.4723825450761025,0,0,0,1,0,0,1,0,0,0,0,0,1,0,0,0,0,0,0,0,1,0,0,0,1,0,0,0,0,0,0
C3N-02589,398.0,1.0,0.6243953770072483,1,0,0,1,0,0,1,0,0,0,0,1,0,0,0,0,0,0,0,0,1,0,0,0,0,0,0,0,0,0,0
C3N-00518,427.0,1.0,0.48629386912970235,1,0,0,1,0,0,0,1,0,0,0,0,1,0,0,0,0,0,0,0,1,0,0,0,1,0,0,0,0,0,0
C3L-02899,91.0,1.0,0.8006897927410379,1,0,0,1,0,1,1,0,0,0,0,0,0,0,0,1,0,0,0,0,1,0,0,0,0,1,0,0,1,0,0
C3N-01900,831.0,1.0,-1.022958324103477,1,0,0,1,0,0,1,0,0,0,0,0,1,0,0,0,0,0,0,0,1,0,0,0,1,0,0,0,0,0,0
C3L-00881,3.0,0.0,1.4646393498446244,1,0,0,1,0,1,1,0,0,0,0,0,1,0,0,0,0,0,0,0,1,0,0,0,1,0,0,0,0,0,1
C3N-03666,701.0,1.0,-0.07875882061102568,1,0,0,1,0,0,1,0,0,0,0,0,1,0,0,0,0,0,0,1,0,0,0,0,1,0,0,0,0,0,0
C3L-02890,1007.0,1.0,0.12915224069912537,1,0,1,0,0,0,0,1,0,0,0,0,1,0,0,0,0,0,0,0,1,0,0,0,1,0,0,0,0,0,0
C3L-01598,913.0,1.0,0.7986663274241516,0,0,0,1,0,1,1,0,0,0,0,0,1,0,0,0,0,0,0,0,1,0,0,0,0,0,0,0,0,0,0
C3N-03211,286.0,1.0,-1.8948189425172144,1,0,0,0,0,0,1,0,0,0,0,0,0,1,0,0,0,0,0,1,0,0,0,0,0,1,0,0,0,0,1
C3N-03000,487.0,1.0,-0.6817514850433869,1,0,0,1,0,0,0,1,0,0,0,0,0,0,0,1,0,0,0,0,1,0,0,0,0,1,0,0,1,0,0
C3L-01662,344.0,1.0,-0.3946723432100274,0,0,0,1,0,1,1,0,0,0,0,0,1,0,0,0,0,0,0,0,1,0,0,0,1,0,0,0,0,0,0
C3L-01637,715.0,1.0,1.3068090551274285,0,0,0,1,0,1,1,0,0,0,0,0,1,0,0,0,0,0,0,0,1,0,0,0,1,0,0,0,0,0,0
C3N-00512,1006.0,1.0,-2.0185032600119395,1,0,0,1,0,0,1,0,0,0,0,0,1,0,0,0,0,0,0,0,1,0,0,0,1,0,0,0,0,0,0
C3N-01167,754.0,1.0,1.1659252824391633,0,0,0,1,0,0,1,0,0,0,0,0,1,0,0,0,0,0,0,0,1,0,0,0,1,0,0,0,0,0,0
C3L-04853,279.0,1.0,1.943188897288427,0,0,1,0,0,0,1,0,0,0,0,1,0,0,0,0,0,0,0,0,1,0,0,0,0,0,0,0,0,0,0
C3L-04475,893.0,1.0,1.2342172368841036,1,0,0,1,0,0,1,0,0,0,0,0,0,1,0,0,0,0,0,1,0,0,0,0,0,1,0,0,0,0,0
C3N-04283,1.0,1.0,0.16380408425081708,0,0,0,1,0,0,0,1,0,0,0,0,0,1,0,0,0,0,0,0,1,0,0,0,0,1,0,0,0,0,0
C3N-01375,143.0,1.0,0.5958139294062172,0,0,0,1,0,0,1,0,0,0,0,0,1,0,0,0,0,0,0,0,1,0,0,0,1,0,0,0,0,0,0
C3L-01054,860.0,1.0,-2.4037204697143246,0,0,1,0,0,0,1,0,0,0,0,0,0,0,0,1,0,0,0,0,1,0,0,0,1,0,0,0,0,0,0
C3N-04282,303.0,1.0,1.0521053583642626,1,0,0,1,0,0,0,1,0,0,0,0,0,0,0,1,0,0,0,0,1,0,0,0,1,0,0,0,1,0,0
C3N-01715,109.0,1.0,-0.2542944368509832,0,0,0,1,0,0,0,1,0,0,0,0,0,1,0,0,0,0,0,0,0,0,1,0,0,0,1,0,0,0,1
C3L-01703,287.0,1.0,-0.16121503227417558,1,0,1,0,0,0,0,1,0,0,0,1,0,0,0,0,0,0,0,0,1,0,0,0,0,0,0,0,0,0,0
C3L-01689,594.0,1.0,-0.21938966013468034,1,0,1,0,0,0,1,0,0,0,0,0,1,0,0,0,0,0,0,0,1,0,0,0,1,0,0,0,0,0,0
C3N-01502,1695.0,0.0,1.0073361882281346,1,0,0,1,0,1,1,0,0,0,0,0,0,1,0,0,0,0,0,0,0,1,0,0,1,0,0,0,0,0,1
C3N-00302,323.0,1.0,-0.5077334677910949,1,0,0,1,0,0,0,1,0,0,0,0,0,0,0,1,0,0,0,0,1,0,0,0,1,0,0,0,1,0,0
C3N-02295,371.0,1.0,-0.7543433032867124,0,0,0,1,0,0,0,0,0,0,0,0,0,1,0,0,0,0,0,0,0,0,1,0,0,0,1,0,0,0,1
C3L-03371,560.0,1.0,-1.00095313878233,1,0,1,0,0,0,1,0,0,1,0,0,0,0,0,0,0,0,0,0,0,0,0,0,0,0,0,0,0,0,0
C3L-03628,596.0,1.0,0.44076589949974176,0,0,1,0,0,0,1,0,0,0,0,0,1,0,0,0,0,0,0,0,1,0,0,0,1,0,0,0,0,0,0
C3L-02613,211.0,1.0,-1.13146665172155,0,0,0,0,0,0,0,1,0,0,0,0,1,0,0,0,0,0,0,0,1,0,0,0,1,0,0,0,0,0,0
C3L-01453,5.0,0.0,0.48907613394042154,1,0,0,1,1,0,1,0,0,0,0,1,0,0,0,0,0,0,0,0,1,0,0,0,0,0,0,0,0,0,1
C3N-01168,415.0,1.0,-0.34585624244012536,0,0,0,1,0,0,1,0,0,0,0,0,1,0,0,0,0,0,0,0,1,0,0,0,1,0,0,0,0,0,0
C3N-00957,1189.0,0.0,0.8978161279516198,1,0,0,1,0,1,1,0,0,0,0,1,0,0,0,0,0,0,0,0,1,0,0,0,0,0,0,0,0,0,1
C3N-03086,760.0,1.0,0.49641119571413717,1,0,0,0,0,0,1,0,0,0,0,0,1,0,0,0,0,0,0,0,1,0,0,0,1,0,0,0,0,0,1
C3L-04473,290.0,1.0,0.255618823004571,0,0,1,0,0,0,1,0,0,0,0,0,0,1,0,0,0,0,0,1,0,0,0,0,0,1,0,0,0,0,0
C3N-02768,430.0,1.0,-1.644668042717045,1,0,0,0,0,0,0,1,0,0,0,0,1,0,0,0,0,0,0,1,0,0,0,0,1,0,0,0,0,0,1
C3L-01124,399.0,0.0,0.6023901916861001,0,0,1,0,0,0,1,0,0,0,0,0,0,0,1,0,0,0,0,1,0,0,0,0,0,1,0,0,0,0,1
C3L-00625,1198.0,1.0,-2.7325335837084817,0,0,0,1,0,0,1,0,0,0,0,0,1,0,0,0,0,0,0,0,1,0,0,0,1,0,0,0,0,0,0
C3N-02573,479.0,0.0,-2.0799660190123856,0,0,0,0,0,0,1,0,0,0,0,0,0,1,0,0,0,0,0,0,1,0,0,0,0,1,0,0,0,0,1
C3N-01012,1824.0,0.0,0.6104840529536485,1,0,0,1,0,1,1,0,0,0,1,0,0,0,0,0,0,0,0,1,0,0,0,0,0,0,0,0,0,0,0
C3N-01998,186.0,1.0,0.44354816431046223,1,0,0,0,0,0,1,0,0,0,0,0,1,0,0,0,0,0,0,0,1,0,0,0,1,0,0,0,0,0,1
C3L-00277,610.0,1.0,0.49969932685407864,1,0,0,1,0,0,1,0,0,0,0,0,1,0,0,0,0,0,0,0,1,0,0,0,1,0,0,0,0,0,1
C3L-01052,743.0,1.0,0.03961390042687096,0,0,1,0,0,0,1,0,0,0,0,1,0,0,0,0,0,0,0,0,1,0,0,0,0,0,0,0,0,0,0
C3N-00198,1592.0,0.0,-0.8178295276040458,1,0,0,1,0,1,1,0,0,0,0,0,1,0,0,0,0,0,0,0,1,0,0,0,1,0,0,0,0,0,1
C3N-00514,1874.0,1.0,-0.3749435563703774,1,0,0,1,0,0,1,0,0,0,0,0,1,0,0,0,0,0,0,0,1,0,0,0,1,0,0,0,0,0,0
C3L-02604,118.0,1.0,1.8888082668970867,0,0,0,1,0,1,0,0,0,0,0,0,1,0,0,0,0,0,0,0,1,0,0,0,1,0,0,0,0,0,1
C3N-03190,398.0,1.0,-3.00494260199441,1,0,0,0,0,0,0,0,0,0,0,0,1,0,0,0,0,0,0,1,0,0,0,0,1,0,0,0,0,0,0
C3L-00928,761.0,1.0,-0.5365678485567358,0,0,0,1,0,1,0,0,0,0,0,0,1,0,0,0,0,0,0,0,1,0,0,0,1,0,0,0,0,0,0
C3N-01382,764.0,1.0,0.9097039866883319,0,0,0,1,0,0,0,1,0,0,0,0,0,1,0,0,0,0,0,0,1,0,0,0,1,0,0,0,0,0,0
C3N-03853,393.0,1.0,-1.407163801147419,0,0,0,0,0,0,1,0,0,0,0,0,0,1,0,0,0,0,0,1,0,0,0,0,0,1,0,0,0,0,0
C3L-00640,594.0,0.0,-0.4735874905686247,0,0,0,1,0,1,1,0,0,0,0,0,1,0,0,0,0,0,0,0,1,0,0,0,1,0,0,0,0,0,1
C3L-04848,196.0,1.0,0.6942049304398541,0,0,1,0,0,0,0,1,0,0,0,0,1,0,0,0,0,0,0,0,1,0,0,0,1,0,0,0,0,0,0
C3N-03007,58.0,1.0,-0.44702950828448135,1,0,0,1,0,0,1,0,0,0,0,0,0,1,0,0,0,0,0,1,0,0,0,0,0,1,0,0,0,0,0
C3N-02579,358.0,1.0,-1.1678890274255176,0,0,0,0,0,0,1,0,0,1,0,0,0,0,0,0,0,1,0,0,0,0,0,0,0,0,0,0,0,0,1
C3N-02944,609.0,0.0,-0.22546005608534161,0,0,0,0,0,0,1,0,0,0,1,0,0,0,0,0,0,0,0,1,0,0,0,0,0,0,0,0,0,0,1
C3L-00401,1262.0,1.0,-0.1387039806238064,0,0,1,0,0,0,1,0,0,0,0,0,1,0,0,0,0,0,0,0,1,0,0,0,1,0,0,0,0,0,0
C3L-01051,0.0,0.0,-0.3407975791479079,1,0,1,0,0,0,1,0,0,0,0,0,1,0,0,0,0,0,0,0,1,0,0,0,1,0,0,0,0,0,0
C3L-02610,190.0,1.0,1.5167435817544666,1,0,1,0,0,0,1,0,0,0,0,1,0,0,0,0,0,0,0,0,1,0,0,0,0,0,0,0,0,0,0
C3N-01714,435.0,1.0,-0.09519947631073356,1,0,0,1,0,0,1,0,0,0,0,0,1,0,0,0,0,0,0,0,1,0,0,0,1,0,0,0,0,0,0
C3L-04072,225.0,1.0,-0.7907656789906808,1,1,0,0,0,1,0,1,0,0,0,0,0,1,0,0,0,0,0,0,1,0,0,0,0,1,0,0,0,0,0
C3L-00589,1752.0,0.0,1.4626158845277366,1,0,0,1,0,1,1,0,0,0,0,0,1,0,0,0,0,0,0,0,1,0,0,0,1,0,0,0,0,0,0
C3L-00622,1041.0,1.0,0.7781787410906688,1,0,1,0,0,0,0,0,0,0,0,0,1,0,0,0,0,0,0,0,1,0,0,0,1,0,0,0,0,0,0
C3N-01381,455.0,1.0,-1.9717106245589253,0,0,0,1,0,0,1,0,0,0,0,0,0,1,0,0,0,0,0,0,1,0,0,0,1,0,0,0,0,0,0
C3L-03129,1798.0,0.0,0.34844529441676686,1,0,0,0,0,0,1,0,0,0,0,0,1,0,0,0,0,0,0,0,1,0,0,0,1,0,0,0,0,0,0
C3N-01383,791.0,1.0,1.4866445351657713,0,0,0,1,0,0,1,0,0,0,0,0,0,1,0,0,0,0,0,0,1,0,0,0,1,0,0,0,0,0,0
C3N-00303,599.0,1.0,0.13952250044817197,1,0,0,1,0,0,0,1,0,0,0,0,0,1,0,0,0,0,0,0,1,0,0,0,1,0,0,0,0,0,0
C3L-00102,249.0,1.0,-2.0040860696291194,1,0,0,1,0,1,0,1,0,0,0,0,1,0,0,0,0,0,0,0,1,0,0,0,1,0,0,0,0,0,1
C3L-03123,1777.0,0.0,-0.3547089032015065,0,0,1,0,0,0,1,0,0,0,0,0,1,0,0,0,0,0,0,0,1,0,0,0,1,0,0,0,0,0,0
C3N-03173,32.0,0.0,0.031014172830100318,1,0,0,1,0,1,1,0,0,0,0,0,0,1,0,0,0,0,0,1,0,0,0,0,0,1,0,0,0,0,0
C3N-01716,335.0,1.0,-1.3143373297352223,1,0,0,1,0,0,0,1,0,0,0,0,0,0,0,1,0,0,0,0,0,1,0,0,1,0,0,0,1,0,0
C3L-03356,550.0,0.0,0.647159361822228,1,0,0,1,0,0,1,0,0,0,0,0,1,0,0,0,0,0,0,0,1,0,0,0,1,0,0,0,0,0,0
C3N-00516,1152.0,1.0,0.410919786075657,1,0,0,1,0,0,0,1,0,0,0,1,0,0,0,0,0,0,0,0,1,0,0,0,0,0,0,0,0,0,0
C3N-03665,1082.0,1.0,-0.09393481048767921,1,0,0,1,0,0,1,0,0,0,0,0,0,1,0,0,0,0,0,1,0,0,0,0,0,1,0,0,0,0,0
C3L-03350,613.0,1.0,-0.1166987953026595,1,0,0,1,0,0,1,0,0,0,0,0,0,1,0,0,0,0,0,0,0,1,0,0,1,0,0,0,0,0,0
C3L-00819,603.0,1.0,0.9016101254207834,1,0,0,1,0,1,0,1,0,0,0,0,1,0,0,0,0,0,0,0,1,0,0,0,1,0,0,0,0,0,0
C3N-01380,400.0,1.0,0.14609876272805486,1,0,0,1,0,0,1,0,0,0,0,0,0,0,0,1,0,0,0,0,1,0,0,0,1,0,0,0,1,0,0
C3N-00249,1590.0,1.0,0.6496886934683367,1,0,0,1,0,1,1,0,0,0,0,0,1,0,0,0,0,0,0,0,1,0,0,0,1,0,0,0,0,0,0
C3L-03639,246.0,1.0,1.0677872145701384,1,0,1,0,0,0,0,1,0,0,1,0,0,0,0,0,0,0,0,1,0,0,0,0,0,0,0,0,0,0,0
C3N-03426,123.0,1.0,0.3679211480918051,0,0,0,1,0,0,1,0,0,0,0,0,0,0,0,0,1,0,0,0,0,0,0,1,1,0,0,0,1,0,0
C3N-01011,1068.0,0.0,1.2013359254846878,0,0,0,1,0,1,1,0,0,0,0,0,1,0,0,0,0,0,0,0,1,0,0,0,1,0,0,0,0,0,0
C3N-03884,680.0,1.0,0.012802984978115816,0,0,0,0,0,0,1,0,0,0,0,0,0,1,0,0,0,0,0,1,0,0,0,0,0,1,0,0,0,0,0
C3N-01166,1170.0,1.0,-0.16374436392028494,0,0,0,1,0,0,1,0,0,0,0,0,0,1,0,0,0,0,0,0,1,0,0,0,1,0,0,0,0,0,0
C3L-00598,422.0,1.0,-0.27149389204452384,0,0,0,1,0,0,1,0,0,0,0,0,1,0,0,0,0,0,0,0,1,0,0,0,1,0,0,0,0,0,0
C3L-02463,740.0,0.0,-0.05725950161909973,1,0,0,1,0,1,1,0,0,0,1,0,0,0,0,0,0,0,0,1,0,0,0,0,0,0,0,0,0,0,1
C3N-00436,718.0,1.0,0.47617654254526626,0,0,0,1,0,0,0,1,0,0,0,1,0,0,0,0,0,0,0,0,1,0,0,0,0,0,0,0,0,0,0
C3L-04080,20.0,1.0,0.5874671349740583,1,0,0,1,0,1,0,1,0,0,0,0,1,0,0,0,0,0,0,1,0,0,0,0,1,0,0,0,0,0,0
C3N-04119,305.0,1.0,-0.9392374466172734,1,0,0,0,0,0,1,0,0,0,0,0,1,0,0,0,0,0,0,1,0,0,0,0,1,0,0,0,0,0,1
C3N-01997,1035.0,1.0,-0.09368187732306808,1,0,0,0,0,0,1,0,0,0,1,0,0,0,0,0,0,0,0,1,0,0,0,0,0,0,0,0,0,0,1
C3L-02809,68.0,1.0,1.8073637878923794,1,0,0,1,0,1,1,0,0,0,0,0,0,1,0,0,0,0,0,0,1,0,0,0,1,0,0,0,0,0,1
C3N-03428,286.0,1.0,-0.09621120896917744,1,0,0,1,0,0,1,0,0,0,0,0,0,0,0,0,1,0,0,0,0,0,0,1,0,0,0,1,1,0,0
C3L-03394,635.0,1.0,0.1443282305757789,0,0,1,0,0,0,0,0,0,1,0,0,0,0,0,0,0,0,1,0,0,0,0,0,0,0,0,0,0,0,1
C3L-01971,276.0,1.0,0.20730858856389126,1,0,0,1,0,1,0,1,0,0,0,1,0,0,0,0,0,0,0,0,1,0,0,0,0,0,0,0,0,0,1
C3L-03388,11.0,1.0,0.34085729947844073,1,0,1,0,0,0,1,0,0,0,0,0,0,1,0,0,0,0,0,1,0,0,0,0,0,1,0,0,0,0,0
C3N-03780,20.0,1.0,0.4389953673474658,0,0,0,1,0,0,1,0,0,0,1,0,0,0,0,0,0,0,0,1,0,0,0,0,0,0,0,0,0,1,0
C3L-02118,632.0,1.0,0.32694597542484094,0,0,0,0,0,0,1,0,0,0,1,0,0,0,0,0,0,0,0,1,0,0,0,0,0,0,0,0,0,0,0
C3L-01037,300.0,1.0,-2.000545005324567,1,0,1,0,0,0,0,0,1,0,0,0,1,0,0,0,0,0,0,0,1,0,0,0,1,0,0,0,0,0,0
C3N-03839,1858.0,0.0,-0.9063561352178576,0,0,0,0,0,0,1,0,0,0,0,0,1,0,0,0,0,0,0,1,0,0,0,0,1,0,0,0,0,0,0
C3L-02109,261.0,0.0,1.3520840915927785,0,0,1,0,0,0,1,0,0,0,0,0,0,1,0,0,0,0,0,0,0,1,0,0,1,0,0,0,0,0,0
C3L-01031,369.0,0.0,0.061872018912628335,0,0,1,0,0,0,1,0,0,0,0,1,0,0,0,0,0,0,0,0,1,0,0,0,0,0,0,0,0,0,0
C3N-04126,348.0,1.0,-1.9808162184849183,1,0,0,0,0,0,0,1,0,0,0,0,0,1,0,0,0,0,0,1,0,0,0,0,0,1,0,0,0,0,0
C3N-00513,394.0,1.0,-0.10582266922439129,1,0,0,1,0,0,0,1,0,0,0,0,1,0,0,0,0,0,0,0,1,0,0,0,1,0,0,0,0,0,0
C3N-02940,1209.0,1.0,0.0026856583936810032,1,0,0,0,0,0,1,0,0,0,0,0,0,1,0,0,0,0,0,0,1,0,0,0,0,1,0,0,0,0,1
C3N-01719,547.0,1.0,-0.11796346112571386,0,0,0,1,0,0,1,0,0,0,0,0,0,1,0,0,0,0,0,0,1,0,0,0,0,0,1,0,0,0,0
C3N-02010,449.0,0.0,-0.20168433861191812,0,1,0,0,0,1,0,1,0,0,0,0,0,1,0,0,0,0,0,0,1,0,0,0,0,1,0,0,0,0,1
C3L-03630,78.0,0.0,1.29871519385988,1,0,1,0,0,0,1,0,0,0,0,0,1,0,0,0,0,0,0,0,0,0,0,0,1,0,0,0,0,0,0
C3N-03069,20.0,1.0,-1.2670388279529858,0,0,0,0,0,0,1,0,0,0,0,0,0,1,0,0,0,0,0,0,1,0,0,0,0,1,0,0,0,0,0
C3L-02701,243.0,1.0,0.7096338534811181,1,0,0,1,0,0,1,0,0,0,1,0,0,0,0,0,0,0,0,1,0,0,0,0,0,0,1,0,0,0,1
C3N-01907,440.0,1.0,-0.1837260839245454,1,0,0,1,0,0,1,0,0,0,0,0,0,1,0,0,0,0,0,0,0,0,1,0,0,0,1,0,0,0,1
C3N-04284,8.0,1.0,1.4628688176923472,0,0,0,1,0,0,0,1,0,0,0,0,0,1,0,0,0,0,0,1,0,0,0,0,0,1,0,0,0,0,0
C3N-03840,1065.0,1.0,-0.4528469710705322,0,0,0,0,0,0,1,0,0,0,0,0,1,0,0,0,0,0,0,1,0,0,0,0,1,0,0,0,0,0,0
C3L-03632,1481.0,1.0,0.8879517345317954,1,0,1,0,0,0,0,0,0,0,1,0,0,0,0,0,0,0,0,1,0,0,0,0,0,0,0,0,0,0,0
C3N-03670,1533.0,1.0,-0.38050808599181707,1,0,0,1,0,0,1,0,0,0,0,0,0,1,0,0,0,0,0,1,0,0,0,0,0,1,0,0,0,0,0
C3L-04495,288.0,1.0,-2.545110108731812,0,0,0,1,0,0,1,0,0,0,0,0,0,1,0,0,0,0,0,0,0,1,0,0,1,0,0,0,0,0,0
C3N-00511,991.0,1.0,-1.7918751445205825,0,0,0,1,0,0,1,0,0,0,0,0,1,0,0,0,0,0,0,0,1,0,0,0,1,0,0,0,0,0,0
C3L-03743,732.0,1.0,0.6352715030855158,0,0,0,1,0,1,0,1,0,0,0,0,1,0,0,0,0,0,0,1,0,0,0,0,1,0,0,0,0,0,1
C3L-00599,1352.0,1.0,-0.19181994519209378,1,0,1,0,0,0,0,0,0,0,0,0,1,0,0,0,0,0,0,1,0,0,0,0,1,0,0,0,0,0,0
C3L-03395,88.0,1.0,1.254198956888364,1,0,1,0,0,0,1,0,0,0,0,0,0,1,0,0,0,0,0,1,0,0,0,0,0,1,0,0,0,0,0
C3N-02998,650.0,1.0,0.04922536068208482,0,0,0,1,0,0,1,0,0,0,0,0,0,1,0,0,0,0,0,0,1,0,0,0,0,1,0,0,0,0,0
C3L-04479,1590.0,1.0,0.16886274754303582,1,0,1,0,0,0,0,1,0,0,0,0,1,0,0,0,0,0,0,0,1,0,0,0,1,0,0,0,0,0,0
C3L-00017,426.0,0.0,0.45771242152867125,1,0,0,1,0,1,1,0,0,0,0,1,0,0,0,0,0,0,0,0,1,0,0,0,0,0,0,0,0,0,1
C3N-02592,294.0,1.0,-0.055994835796046034,0,0,0,1,0,0,1,0,0,0,0,0,1,0,0,0,0,0,0,0,1,0,0,0,1,0,0,0,0,0,0
C3L-04027,240.0,0.0,0.46428868380855415,1,0,0,1,0,0,1,0,0,1,0,0,0,0,0,0,0,0,0,0,0,0,0,0,0,0,0,0,0,0,0
C3N-01379,971.0,1.0,0.059595620431131424,0,0,0,1,0,0,1,0,0,0,0,0,0,1,0,0,0,0,0,0,0,0,1,0,0,0,1,0,0,0,1
C3L-00189,1036.0,1.0,0.35881555416581346,0,0,1,0,0,0,1,0,0,0,0,0,1,0,0,0,0,0,0,1,0,0,0,0,1,0,0,0,0,0,0
C3N-01388,811.0,1.0,-1.0350991160048002,0,0,0,1,0,0,1,0,0,0,0,0,0,1,0,0,0,0,0,1,0,0,0,0,0,1,0,0,0,0,0
C3N-03439,458.0,1.0,-0.6989509402369275,0,0,0,1,0,0,1,0,0,0,0,0,1,0,0,0,0,0,1,0,0,0,0,0,1,0,0,0,0,0,0
C3L-01053,191.0,1.0,1.0771457416607404,0,0,1,0,0,0,1,0,0,0,0,0,1,0,0,0,0,0,0,0,1,0,0,0,1,0,0,0,0,0,0
C3N-03061,139.0,1.0,-0.14300384442219172,0,0,0,0,0,0,0,1,0,0,0,0,1,0,0,0,0,0,0,1,0,0,0,0,1,0,0,0,0,0,1
C3N-02971,70.0,1.0,1.2888508004400558,0,0,0,1,0,1,0,0,0,0,0,0,0,1,0,0,0,0,0,0,0,1,0,0,0,0,0,0,0,0,1
C3L-02897,256.0,0.0,1.509408519980751,1,0,0,1,0,1,1,0,0,0,0,0,0,0,0,0,0,0,0,1,0,0,0,0,0,0,0,0,0,0,0
C3L-02115,723.0,1.0,1.4411165655358107,1,0,1,0,0,0,1,0,0,0,0,0,1,0,0,0,0,0,0,0,1,0,0,0,1,0,0,0,0,0,0
C3N-03754,815.0,1.0,-1.8396795126320407,1,0,0,1,0,0,1,0,0,0,0,0,0,1,0,0,0,0,0,1,0,0,0,0,0,1,0,0,0,0,0
C3L-02116,1063.0,1.0,0.29153533237931645,1,0,0,0,0,0,1,0,0,0,1,0,0,0,0,0,0,0,0,1,0,0,0,0,0,0,0,0,0,0,0
C3L-01036,881.0,1.0,-0.020837125915131382,1,0,1,0,0,0,1,0,0,0,0,0,1,0,0,0,0,0,0,0,1,0,0,0,1,0,0,0,0,0,0
C3N-03006,708.0,0.0,-0.011984465153750264,0,0,0,1,0,0,1,0,0,0,0,0,1,0,0,0,0,0,0,1,0,0,0,0,1,0,0,0,0,0,0
C3L-03635,854.0,1.0,-0.06712389503892473,1,0,1,0,0,0,1,0,0,0,1,0,0,0,0,0,0,0,0,1,0,0,0,0,0,0,0,0,0,0,0
C3L-02606,403.0,1.0,0.4068728554418828,0,0,1,0,0,0,1,0,0,0,0,0,1,0,0,0,0,0,0,1,0,0,0,0,1,0,0,0,0,0,0
C3N-03440,315.0,0.0,-0.9227967909175655,0,0,0,1,0,0,1,0,0,0,1,0,0,0,0,0,0,0,0,1,0,0,0,0,0,0,0,0,0,0,0
C3N-03430,39.0,1.0,-0.9106559990162423,0,0,0,1,0,0,1,0,0,0,0,0,0,0,0,0,1,0,0,0,0,0,0,1,0,0,0,1,0,0,1
C3N-01165,241.0,1.0,-0.12125159226565531,0,0,0,1,0,0,1,0,0,0,0,0,0,1,0,0,0,0,0,0,1,0,0,0,1,0,0,0,0,0,0
C3L-02112,1747.0,1.0,0.23159017236653637,1,0,0,1,0,0,1,0,0,0,0,0,1,0,0,0,0,0,0,0,1,0,0,0,1,0,0,0,0,0,0
