Case Submitter ID,Sex,Race,Ethnicity,Age at Diagnosis,Tumor Grade,AJCC Pathologic Stage,AJCC Pathologic T,AJCC Pathologic N,AJCC Pathologic M,Lymph Nodes Positive,Lymph Nodes Tested,Metastasis At Diagnosis,Metastasis At Diagnosis Site,Lymphatic Invasion Present,Perineural Invasion Present,Vascular Invasion Present,Vascular Invasion Type,Margins Involved Site,Tumor Regression Grade,Days to Death,Days to Last Follow Up,Vital Status,Age_years,survival_event,survival_time_days,survival_time_months
C3L-01687,female,other,,28838.0,G2,Stage IIB,T3,N1,M0,,,,,,,,,,,376.0,376.0,Dead,78.95414099931554,1.0,376.0,12.352168199737187
C3L-01328,male,white,not hispanic or latino,26268.0,G3,Stage IIB,T3,N1,MX,,,,,,,,,,,,271.0,Alive,71.91786447638604,0.0,271.0,8.902759526938238
C3N-02585,male,asian,,23804.0,G3,Stage IA,T1c,N0,MX,,,,,,,,,,,1189.0,1051.0,Dead,65.17180013689254,1.0,1189.0,39.060446780551906
C3N-00517,female,white,,25407.0,G2,Stage IIB,T3,N1,M0,,,,,,,,,,,1142.0,1142.0,Dead,69.56057494866529,1.0,1142.0,37.516425755584756
C3N-02589,male,white,,26008.0,G2,Stage IIA,T3,N0,M0,,,,,,,,,,,398.0,398.0,Dead,71.2060232717317,1.0,398.0,13.074901445466491
C3N-00518,male,white,,25462.0,G3,Stage IIB,T3,N1,M0,,,,,,,,,,,427.0,422.0,Dead,69.71115674195757,1.0,427.0,14.027595269382392
C3L-02899,male,white,not hispanic or latino,26705.0,G2,Stage IV,T3,N2,M1,,,,,,,,,,,91.0,44.0,Dead,73.11430527036276,1.0,91.0,2.9894875164257555
C3N-01900,male,white,,19495.0,G2,Stage IIB,T3,N1,M0,,,,,,,,,,,831.0,831.0,Dead,53.374401095140314,1.0,831.0,27.299605781865964
C3L-00881,male,white,not hispanic or latino,29330.0,G2,Stage IIB,T3,N1,MX,,,,,,,,,,,,3.0,Alive,80.30116358658454,0.0,3.0,0.09855453350854139
C3N-03666,male,white,,23228.0,G2,Stage IIB,T2,N1,M0,,,,,,,,,,,701.0,701.0,Dead,63.59479808350445,1.0,701.0,23.028909329829172
C3L-02890,male,other,,24050.0,G3,Stage IIB,T3,N1,M0,,,,,,,,,,,1007.0,1007.0,Dead,65.84531143052703,1.0,1007.0,33.08147174770039
C3L-01598,female,white,not hispanic or latino,26697.0,G2,Stage IIB,T3,N0,M0,,,,,,,,,,,913.0,913.0,Dead,73.09240246406571,1.0,913.0,29.993429697766096
C3N-03211,male,asian,,16048.0,G2,Stage III,T2,N2,MX,,,,,,,,,,,286.0,278.0,Dead,43.937029431895965,1.0,286.0,9.395532194480946
C3N-03000,male,white,,20844.0,G3,Stage IV,T3,N2,M1,,,,,,,,,,,487.0,487.0,Dead,57.06776180698152,1.0,487.0,15.99868593955322
C3L-01662,female,white,not hispanic or latino,21979.0,G2,Stage IIB,T3,N1,M0,,,,,,,,,,,344.0,322.0,Dead,60.17522245037645,1.0,344.0,11.300919842312746
C3L-01637,female,white,not hispanic or latino,28706.0,G2,Stage IIB,T3,N1,M0,,,,,,,,,,,715.0,715.0,Dead,78.5927446954141,1.0,715.0,23.488830486202364
C3N-00512,male,white,,15559.0,G2,Stage IIB,T3,N1,M0,,,,,,,,,,,1006.0,1006.0,Dead,42.59822039698837,1.0,1006.0,33.04862023653088
C3N-01167,female,white,,28149.0,G2,Stage IIB,T3,N1,M0,,,,,,,,,,,754.0,754.0,Dead,77.06776180698152,1.0,754.0,24.7700394218134
C3L-04853,female,other,,31222.0,G2,Stage IIA,T3,N0,M0,,,,,,,,,,,279.0,251.0,Dead,85.48117727583846,1.0,279.0,9.165571616294349
C3L-04475,male,white,,28419.0,G2,Stage III,T2,N2,M0,,,,,,,,,,,893.0,881.0,Dead,77.80698151950719,1.0,893.0,29.33639947437582
C3N-04283,female,white,,24187.0,G3,Stage III,T3,N2,M0,,,,,,,,,,,1.0,1.0,Dead,66.22039698836413,1.0,1.0,0.0328515111695138
C3N-01375,female,white,,25895.0,G2,Stage IIB,T3,N1,M0,,,,,,,,,,,143.0,396.0,Dead,70.89664613278576,1.0,143.0,4.697766097240473
C3L-01054,female,other,,14036.0,G2,Stage IV,T3,N1,M0,,,,,,,,,,,860.0,860.0,Dead,38.42847364818618,1.0,860.0,28.252299605781864
C3N-04282,male,white,,27699.0,G3,Stage IV,T3,N1,M1,,,,,,,,,,,303.0,303.0,Dead,75.83572895277207,1.0,303.0,9.95400788436268
C3N-01715,female,white,,22534.0,G3,Stage III,TX,NX,MX,,,,,,,,,,,109.0,283.0,Dead,61.69472963723477,1.0,109.0,3.5808147174770038
C3L-01703,male,other,,22902.0,G3,Stage IIA,T3,N0,M0,,,,,,,,,,,287.0,287.0,Dead,62.70225872689939,1.0,287.0,9.42838370565046
C3L-01689,male,other,,22672.0,G2,Stage IIB,T3,N1,M0,,,,,,,,,,,594.0,594.0,Dead,62.072553045859,1.0,594.0,19.513797634691194
C3N-01502,male,white,not hispanic or latino,27522.0,G2,Stage III,T4,N1,MX,,,,,,,,,,,,1695.0,Alive,75.35112936344969,0.0,1695.0,55.68331143232589
C3N-00302,male,white,,21532.0,G3,Stage IV,T3,N1,M1,,,,,,,,,,,323.0,323.0,Dead,58.95140314852841,1.0,323.0,10.611038107752956
C3N-02295,female,white,,20557.0,G1,Stage III,TX,NX,MX,,,,,,,,,,,371.0,383.0,Dead,56.28199863107461,1.0,371.0,12.187910643889618
C3L-03371,male,other,,19582.0,G2,Stage IA,T1,N0,M0,,,,,,,,,,,560.0,560.0,Dead,53.61259411362081,1.0,560.0,18.396846254927727
C3L-03628,female,other,,25282.0,G2,Stage IIB,T3,N1,M0,,,,,,,,,,,596.0,596.0,Dead,69.21834360027378,1.0,596.0,19.579500657030223
C3L-02613,female,asian,,19066.0,G3,Stage IIB,T3,N1,M0,,,,,,,,,,,211.0,211.0,Dead,52.199863107460644,1.0,211.0,6.931668856767411
C3L-01453,male,white,hispanic or latino,25473.0,G2,Stage IIA,T3,N0,MX,,,,,,,,,,,,5.0,Alive,69.74127310061601,0.0,5.0,0.164257555847569
C3N-01168,female,white,,22172.0,G2,Stage IIB,T3,N1,M0,,,,,,,,,,,415.0,415.0,Dead,60.70362765229295,1.0,415.0,13.633377135348226
C3N-00957,male,white,not hispanic or latino,27089.0,G2,Stage IIA,T3,N0,MX,,,,,,,,,,,,1189.0,Alive,74.16563997262149,0.0,1189.0,39.060446780551906
C3N-03086,male,asian,,25502.0,G2,Stage IIB,T3,N1,MX,,,,,,,,,,,760.0,733.0,Dead,69.82067077344284,1.0,760.0,24.967148488830485
C3L-04473,female,other,,24550.0,G2,Stage III,T2,N2,M0,,,,,,,,,,,290.0,290.0,Dead,67.21423682409309,1.0,290.0,9.526938239159001
C3N-02768,male,asian,,17037.0,G3,Stage IIB,T2,N1,MX,,,,,,,,,,,430.0,366.0,Dead,46.64476386036961,1.0,430.0,14.126149802890932
C3L-01124,female,other,,25921.0,G2,Stage IIIB,T2,N2,MX,,,,,,,,,,,,399.0,Alive,70.9678302532512,0.0,399.0,13.107752956636006
C3L-00625,female,white,,12736.0,G2,Stage IIB,T3,N1,M0,,,,,,,,,,,1198.0,1198.0,Dead,34.86926762491444,1.0,1198.0,39.35611038107753
C3N-02573,female,asian,,15316.0,G2,Stage III,T3,N2,MX,,,,,,,,,,,,479.0,Alive,41.93292265571527,0.0,479.0,15.735873850197109
C3N-01012,male,white,not hispanic or latino,25953.0,G2,Stage IB,T2,N0,M0,,,,,,,,,,,,1824.0,Alive,71.05544147843942,0.0,1824.0,59.92115637319316
C3N-01998,male,asian,,25293.0,G2,Stage IIB,T3,N1,MX,,,,,,,,,,,186.0,4.0,Dead,69.24845995893224,1.0,186.0,6.110381077529566
C3L-00277,male,white,,25515.0,G2,Stage IIB,T3,N1,MX,,,,,,,,,,,610.0,730.0,Dead,69.85626283367556,1.0,610.0,20.039421813403415
C3L-01052,female,other,,23696.0,G2,Stage IIA,T3,N0,M0,,,,,,,,,,,743.0,725.0,Dead,64.87611225188228,1.0,743.0,24.40867279894875
C3N-00198,male,white,not hispanic or latino,20306.0,G2,Stage IIB,T3,N1,MX,,,,,,,,,,,,1592.0,Alive,55.59479808350445,0.0,1592.0,52.299605781865964
C3N-00514,male,white,,22057.0,G2,Stage IIB,T3,N1,M0,,,,,,,,,,,1874.0,1874.0,Dead,60.388774811772755,1.0,1874.0,61.563731931668855
C3L-02604,female,white,not hispanic or latino,31007.0,G1,Stage IIB,T3,N1,MX,,,,,,,,,,,118.0,110.0,Dead,84.89253935660507,1.0,118.0,3.876478318002628
C3N-03190,male,asian,,11659.0,G1,Stage IIB,T2,N1,M0,,,,,,,,,,,398.0,286.0,Dead,31.920602327173167,1.0,398.0,13.074901445466491
C3L-00928,female,white,not hispanic or latino,21418.0,G1,Stage IIB,T3,N1,M0,,,,,,,,,,,761.0,755.0,Dead,58.639288158795345,1.0,761.0,25.0
C3N-01382,female,white,,27136.0,G3,Stage III,T3,N1,M0,,,,,,,,,,,764.0,764.0,Dead,74.2943189596167,1.0,764.0,25.09855453350854
C3N-03853,female,asian,,17976.0,G2,Stage III,T2,N2,M0,,,,,,,,,,,393.0,259.0,Dead,49.215605749486656,1.0,393.0,12.910643889618921
C3L-00640,female,white,not hispanic or latino,21667.0,G2,Stage IIB,T3,N1,MX,,,,,,,,,,,,594.0,Alive,59.32101300479124,0.0,594.0,19.513797634691194
C3L-04848,female,other,,26284.0,G3,Stage IIB,T3,N1,M0,,,,,,,,,,,196.0,196.0,Dead,71.96167008898016,1.0,196.0,6.438896189224704
C3N-03007,male,white,,21772.0,G2,Stage III,T2,N2,M0,,,,,,,,,,,58.0,58.0,Dead,59.60848733744011,1.0,58.0,1.9053876478318001
C3N-02579,female,asian,,18922.0,G2,Stage IA,T1a,N0,MX,,,,,,,,,,,358.0,245.0,Dead,51.80561259411362,1.0,358.0,11.76084099868594
C3N-02944,female,asian,,22648.0,G2,Stage IB,T2,N0,MX,,,,,,,,,,,,609.0,Alive,62.00684462696783,0.0,609.0,20.006570302233904
C3L-00401,female,other,,22991.0,G2,Stage IIB,T3,N1,M0,,,,,,,,,,,1262.0,1262.0,Dead,62.945927446954144,1.0,1262.0,41.45860709592641
C3L-01051,male,other,,22192.0,G2,Stage IIB,T3,N1,M0,,,,,,,,,,,,0.0,Alive,60.75838466803559,0.0,0.0,0.0
C3L-02610,male,other,,29536.0,G2,Stage IIA,T3,N0,M0,,,,,,,,,,,190.0,190.0,Dead,80.86516084873374,1.0,190.0,6.241787122207621
C3N-01714,male,white,,23163.0,G2,Stage IIB,T3,N1,M0,,,,,,,,,,,435.0,448.0,Dead,63.41683778234086,1.0,435.0,14.290407358738502
C3L-04072,male,black or african american,not hispanic or latino,20413.0,G3,Stage III,T3,N2,M0,,,,,,,,,,,225.0,213.0,Dead,55.88774811772758,1.0,225.0,7.391590013140604
C3L-00589,male,white,not hispanic or latino,29322.0,G2,Stage IIB,T3,N1,M0,,,,,,,,,,,,1752.0,Alive,80.27926078028747,0.0,1752.0,57.55584756898817
C3L-00622,male,other,,26616.0,G1,Stage IIB,T3,N1,M0,,,,,,,,,,,1041.0,1041.0,Dead,72.870636550308,1.0,1041.0,34.19842312746386
C3N-01381,female,white,,15744.0,G2,Stage III,T3,N1,M0,,,,,,,,,,,455.0,297.0,Dead,43.1047227926078,1.0,455.0,14.947437582128778
C3L-03129,male,asian,,24917.0,G2,Stage IIB,T3,N1,M0,,,,,,,,,,,,1798.0,Alive,68.21902806297057,0.0,1798.0,59.0670170827858
C3N-01383,female,white,,29417.0,G2,Stage III,T3,N1,M0,,,,,,,,,,,791.0,791.0,Dead,80.53935660506502,1.0,791.0,25.985545335085412
C3N-00303,male,white,,24091.0,G3,Stage III,T3,N1,M0,,,,,,,,,,,599.0,599.0,Dead,65.95756331279945,1.0,599.0,19.678055190538764
C3L-00102,male,white,not hispanic or latino,15616.0,G3,Stage IIB,T3,N1,MX,,,,,,,,,,,249.0,249.0,Dead,42.75427789185489,1.0,249.0,8.180026281208935
C3L-03123,female,other,,22137.0,G2,Stage IIB,T3,N1,M0,,,,,,,,,,,,1777.0,Alive,60.60780287474333,0.0,1777.0,58.37713534822601
C3N-03173,male,white,not hispanic or latino,23662.0,G2,Stage III,T2,N2,M0,,,,,,,,,,,,32.0,Alive,64.78302532511978,0.0,32.0,1.0512483574244416
C3N-01716,male,white,,18343.0,G3,Stage IV,T4,N1,M1,,,,,,,,,,,335.0,384.0,Dead,50.220396988364136,1.0,335.0,11.005256241787121
C3L-03356,male,white,,26098.0,G2,Stage IIB,T3,N1,M0,,,,,,,,,,,,550.0,Alive,71.45242984257358,0.0,550.0,18.068331143232587
C3N-00516,male,white,,25164.0,G3,Stage IIA,T3,N0,M0,,,,,,,,,,,1152.0,1152.0,Dead,68.8952772073922,1.0,1152.0,37.844940867279895
C3N-03665,male,white,,23168.0,G2,Stage III,T2,N2,M0,,,,,,,,,,,1082.0,1082.0,Dead,63.43052703627652,1.0,1082.0,35.545335085413925
C3L-03350,male,white,,23078.0,G2,Stage III,T4,N1,M0,,,,,,,,,,,613.0,588.0,Dead,63.18412046543463,1.0,613.0,20.13797634691196
C3L-00819,male,white,not hispanic or latino,27104.0,G3,Stage IIB,T3,N1,M0,,,,,,,,,,,603.0,601.0,Dead,74.20670773442848,1.0,603.0,19.80946123521682
C3N-01380,male,white,,24117.0,G2,Stage IV,T3,N1,M1,,,,,,,,,,,400.0,426.0,Dead,66.02874743326488,1.0,400.0,13.140604467805518
C3N-00249,male,white,not hispanic or latino,26108.0,G2,Stage IIB,T3,N1,M0,,,,,,,,,,,1590.0,1590.0,Dead,71.4798083504449,1.0,1590.0,52.233902759526934
C3L-03639,male,other,,27761.0,G3,Stage IB,T2,N0,M0,,,,,,,,,,,246.0,246.0,Dead,76.00547570157427,1.0,246.0,8.081471747700395
C3N-03426,female,white,,24994.0,G2,,,N1,M1,,,,,,,,,,,123.0,31.0,Dead,68.42984257357973,1.0,123.0,4.040735873850197
C3N-01011,female,white,not hispanic or latino,28289.0,G2,Stage IIB,T3,N1,M0,,,,,,,,,,,,1068.0,Alive,77.45106091718002,0.0,1068.0,35.08541392904073
C3N-03884,female,asian,,23590.0,G2,Stage III,T2,N2,M0,,,,,,,,,,,680.0,598.0,Dead,64.58590006844626,1.0,680.0,22.339027595269382
C3N-01166,female,white,,22892.0,G2,Stage III,T3,N1,M0,,,,,,,,,,,1170.0,1170.0,Dead,62.67488021902806,1.0,1170.0,38.43626806833114
C3L-00598,female,white,,22466.0,G2,Stage IIB,T3,N1,M0,,,,,,,,,,,422.0,422.0,Dead,61.50855578370979,1.0,422.0,13.863337713534822
C3L-02463,male,white,not hispanic or latino,23313.0,G2,Stage IB,T2,N0,MX,,,,,,,,,,,,740.0,Alive,63.827515400410675,0.0,740.0,24.31011826544021
C3N-00436,female,white,,25422.0,G3,Stage IIA,T3,N0,M0,,,,,,,,,,,718.0,718.0,Dead,69.60164271047228,1.0,718.0,23.587385019710904
C3L-04080,male,white,not hispanic or latino,25862.0,G3,Stage IIB,T2,N1,M0,,,,,,,,,,,20.0,20.0,Dead,70.80629705681041,1.0,20.0,0.657030223390276
C3N-04119,male,asian,,19826.0,G2,Stage IIB,T2,N1,MX,,,,,,,,,,,305.0,270.0,Dead,54.280629705681044,1.0,305.0,10.019710906701707
C3N-01997,male,asian,,23169.0,G2,Stage IB,T2,N0,MX,,,,,,,,,,,1035.0,1002.0,Dead,63.43326488706366,1.0,1035.0,34.00131406044678
C3L-02809,male,white,not hispanic or latino,30685.0,G2,Stage III,T3,N1,MX,,,,,,,,,,,68.0,68.0,Dead,84.01095140314852,1.0,68.0,2.2339027595269383
C3N-03428,male,white,,23159.0,G2,,,,M1,,,,,,,,,,,286.0,184.0,Dead,63.40588637919233,1.0,286.0,9.395532194480946
C3L-03394,female,other,,24110.0,G1,Stage IA,T1c,N0,MX,,,,,,,,,,,635.0,635.0,Dead,66.00958247775496,1.0,635.0,20.86070959264126
C3L-01971,male,white,not hispanic or latino,24359.0,G3,Stage IIA,T3,N0,MX,,,,,,,,,,,276.0,38.0,Dead,66.69130732375086,1.0,276.0,9.067017082785808
C3L-03388,male,other,,24887.0,G2,Stage III,T2,N2,M0,,,,,,,,,,,11.0,11.0,Dead,68.13689253935661,1.0,11.0,0.36136662286465177
C3N-03780,female,white,,25275.0,G2,Stage IB,T2,N0,M1b,,,,,,,,,,,20.0,20.0,Dead,69.19917864476386,1.0,20.0,0.657030223390276
C3L-02118,female,asian,,24832.0,G2,Stage IB,T2,N0,M0,,,,,,,,,,,632.0,631.0,Dead,67.98631074606433,1.0,632.0,20.76215505913272
C3L-01037,male,other,,15630.0,G4,Stage IIB,T3,N1,M0,,,,,,,,,,,300.0,300.0,Dead,42.79260780287474,1.0,300.0,9.85545335085414
C3N-03839,female,asian,,19956.0,G2,Stage IIB,T2,N1,M0,,,,,,,,,,,,1858.0,Alive,54.63655030800821,0.0,1858.0,61.038107752956634
C3L-02109,female,other,,28885.0,G2,Stage III,T4,N1,M0,,,,,,,,,,,,261.0,Alive,79.08281998631075,0.0,261.0,8.5742444152431
C3L-01031,female,other,,23784.0,G2,Stage IIA,T3,N0,M0,,,,,,,,,,,,369.0,Alive,65.11704312114989,0.0,369.0,12.12220762155059
C3N-04126,male,asian,,15708.0,G3,Stage III,T2,N2,M0,,,,,,,,,,,348.0,257.0,Dead,43.006160164271044,1.0,348.0,11.432325886990801
C3N-00513,male,white,,23121.0,G3,Stage IIB,T3,N1,M0,,,,,,,,,,,394.0,394.0,Dead,63.30184804928131,1.0,394.0,12.943495400788436
C3N-02940,male,asian,,23550.0,G2,Stage III,T3,N2,MX,,,,,,,,,,,1209.0,1096.0,Dead,64.47638603696099,1.0,1209.0,39.71747700394218
C3N-01719,female,white,,23073.0,G2,Stage III,T3,NX,M0,,,,,,,,,,,547.0,547.0,Dead,63.17043121149897,1.0,547.0,17.969776609724047
C3N-02010,female,black or african american,not hispanic or latino,22742.0,G3,Stage III,T3,N2,MX,,,,,,,,,,,,449.0,Alive,62.26420260095825,0.0,449.0,14.750328515111695
C3L-03630,male,other,,28674.0,G2,Stage IIB,T1,N1,M0,,,,,,,,,,,,78.0,Alive,78.50513347022587,0.0,78.0,2.562417871222076
C3N-03069,female,asian,,18530.0,G2,Stage III,T3,N2,M0,,,,,,,,,,,20.0,10.0,Dead,50.732375085557834,1.0,20.0,0.657030223390276
C3L-02701,male,white,,26345.0,G2,Stage IB,T2,NX,MX,,,,,,,,,,,243.0,304.0,Dead,72.12867898699521,1.0,243.0,7.982917214191852
C3N-01907,male,white,,22813.0,G2,Stage III,TX,NX,MX,,,,,,,,,,,440.0,407.0,Dead,62.458590006844624,1.0,440.0,14.45466491458607
C3N-04284,female,white,,29323.0,G3,Stage III,T2,N2,M0,,,,,,,,,,,8.0,8.0,Dead,80.2819986310746,1.0,8.0,0.2628120893561104
C3N-03840,female,asian,,21749.0,G2,Stage IIB,T2,N1,M0,,,,,,,,,,,1065.0,966.0,Dead,59.54551676933607,1.0,1065.0,34.98685939553219
C3L-03632,male,other,,27050.0,G1,Stage IB,T2,N0,M0,,,,,,,,,,,1481.0,1481.0,Dead,74.05886379192334,1.0,1481.0,48.65308804204993
C3N-03670,male,white,,22035.0,G2,Stage III,T2,N2,M0,,,,,,,,,,,1533.0,1533.0,Dead,60.328542094455855,1.0,1533.0,50.36136662286465
C3L-04495,female,white,,13477.0,G2,Stage III,T4,N1,M0,,,,,,,,,,,288.0,288.0,Dead,36.89801505817933,1.0,288.0,9.461235216819974
C3N-00511,female,white,,16455.0,G2,Stage IIB,T3,N1,M0,,,,,,,,,,,991.0,991.0,Dead,45.05133470225873,1.0,991.0,32.55584756898817
C3L-03743,female,white,not hispanic or latino,26051.0,G3,Stage IIB,T2,N1,MX,,,,,,,,,,,732.0,48.0,Dead,71.32375085557837,1.0,732.0,24.0473061760841
C3L-00599,male,other,,22781.0,G1,Stage IIB,T2,N1,M0,,,,,,,,,,,1352.0,1352.0,Dead,62.3709787816564,1.0,1352.0,44.415243101182654
C3L-03395,male,other,,28498.0,G2,Stage III,T2,N2,M0,,,,,,,,,,,88.0,88.0,Dead,78.02327173169063,1.0,88.0,2.890932982917214
C3N-02998,female,white,,23734.0,G2,Stage III,T3,N2,M0,,,,,,,,,,,650.0,650.0,Dead,64.9801505817933,1.0,650.0,21.353482260183966
C3L-04479,male,other,,24207.0,G3,Stage IIB,T3,N1,M0,,,,,,,,,,,1590.0,1590.0,Dead,66.27515400410678,1.0,1590.0,52.233902759526934
C3L-00017,male,white,not hispanic or latino,25349.0,G2,Stage IIA,T3,N0,MX,,,,,,,,,,,,426.0,Alive,69.40177960301163,0.0,426.0,13.994743758212877
C3N-02592,female,white,,23318.0,G2,Stage IIB,T3,N1,M0,,,,,,,,,,,294.0,294.0,Dead,63.841204654346335,1.0,294.0,9.658344283837057
C3L-04027,male,white,,25375.0,G2,Stage IA,T1,N0,M0,,,,,,,,,,,,240.0,Alive,69.47296372347706,0.0,240.0,7.884362680683311
C3N-01379,female,white,,23775.0,G2,Stage III,TX,NX,MX,,,,,,,,,,,971.0,971.0,Dead,65.09240246406571,1.0,971.0,31.898817345597895
C3L-00189,female,other,,24958.0,G2,Stage IIB,T2,N1,M0,,,,,,,,,,,1036.0,1036.0,Dead,68.33127994524298,1.0,1036.0,34.03416557161629
C3N-01388,female,white,,19447.0,G2,Stage III,T2,N2,M0,,,,,,,,,,,811.0,1056.0,Dead,53.242984257357975,1.0,811.0,26.642575558475688
C3N-03439,female,white,,20776.0,G2,Stage IIB,T1c,N1,M0,,,,,,,,,,,458.0,458.0,Dead,56.88158795345654,1.0,458.0,15.045992115637318
C3L-01053,female,other,,27798.0,G2,Stage IIB,T3,N1,M0,,,,,,,,,,,191.0,20.0,Dead,76.10677618069815,1.0,191.0,6.274638633377135
C3N-03061,female,asian,,22974.0,G3,Stage IIB,T2,N1,MX,,,,,,,,,,,139.0,120.0,Dead,62.899383983572896,1.0,139.0,4.566360052562418
C3N-02971,female,white,not hispanic or latino,28635.0,G1,Stage III,T4,N0,MX,,,,,,,,,,,70.0,70.0,Dead,78.39835728952772,1.0,70.0,2.299605781865966
C3L-02897,male,white,not hispanic or latino,29507.0,G2,Stage I,T2,N0,M0,,,,,,,,,,,,256.0,Alive,80.78576317590691,0.0,256.0,8.409986859395532
C3L-02115,male,other,,29237.0,G2,Stage IIB,T3,N1,M0,,,,,,,,,,,723.0,723.0,Dead,80.04654346338124,1.0,723.0,23.751642575558474
C3N-03754,male,white,,16266.0,G2,Stage III,T2,N2,M0,,,,,,,,,,,815.0,767.0,Dead,44.53388090349076,1.0,815.0,26.773981603153743
C3L-02116,male,asian,,24692.0,G2,Stage IB,T2,N0,M0,,,,,,,,,,,1063.0,1024.0,Dead,67.60301163586584,1.0,1063.0,34.92115637319316
C3L-01036,male,other,,23457.0,G2,Stage IIB,T3,N1,M0,,,,,,,,,,,881.0,1247.0,Dead,64.22176591375771,1.0,881.0,28.942181340341655
C3N-03006,female,white,,23492.0,G2,Stage IIB,T2,N1,M0,,,,,,,,,,,,708.0,Alive,64.31759069130733,0.0,708.0,23.258869908015768
C3L-03635,male,other,,23274.0,G2,Stage IB,T2,N0,M0,,,,,,,,,,,854.0,854.0,Dead,63.72073921971253,1.0,854.0,28.055190538764784
C3L-02606,female,other,,25148.0,G2,Stage IIB,T2,N1,M0,,,,,,,,,,,403.0,403.0,Dead,68.85147159479808,1.0,403.0,13.23915900131406
C3N-03440,female,white,,19891.0,G2,Stage IB,T2,N0,M0,,,,,,,,,,,,315.0,Alive,54.458590006844624,0.0,315.0,10.348226018396845
C3N-03430,female,white,,19939.0,G2,,,,MX,,,,,,,,,,,39.0,30.0,Dead,54.59000684462697,1.0,39.0,1.281208935611038
C3N-01165,female,white,,23060.0,G2,Stage III,T3,N1,M0,,,,,,,,,,,241.0,241.0,Dead,63.134839151266256,1.0,241.0,7.917214191852825
C3L-02112,male,white,,24455.0,G2,Stage IIB,T3,N1,M0,,,,,,,,,,,1747.0,1747.0,Dead,66.95414099931554,1.0,1747.0,57.3915900131406
