Series UID,Collection,3rd Party Analysis,Data Description URI,Subject ID,Study UID,Study Description,Study Date,Series Description,Manufacturer,Modality,SOP Class Name,SOP Class UID,Number of Images,File Size,File Location,Download Timestamp
1.3.6.1.4.1.14519.5.2.1.1078.3273.210896383255034163522950717278,CPTAC-PDA,null,https://doi.org/10.7937/K9/TCIA.2018.SC20FO18,C3L-00395,1.3.6.1.4.1.14519.5.2.1.1078.3273.379853879295196145901394269408,CT ABDOMEN NONENH  ENHANCEDAB,03-10-2003,2.5 ARTERIAL ABDOMEN,GE MEDICAL SYSTEMS,CT,CT Image Storage,1.2.840.10008.5.1.4.1.1.2,138,73.05 MB,.\CPTAC-PDA\C3L-00395\03-10-2003-NA-CT ABDOMEN NONENH  ENHANCEDAB-69408\6.000000-2.5 ARTERIAL ABDOMEN-17278,2026-10-07T00:56:21.966
1.3.6.1.4.1.14519.5.2.1.1078.3273.115222332781781993819030355720,CPTAC-PDA,null,https://doi.org/10.7937/K9/TCIA.2018.SC20FO18,C3L-00401,1.3.6.1.4.1.14519.5.2.1.1078.3273.272150880395270376537665904173,CT ABDOMEN NONENH  ENHANCED-BODY,02-01-2003,VENOUS ABDPELVIS 2.5MM,GE MEDICAL SYSTEMS,CT,CT Image Storage,1.2.840.10008.5.1.4.1.1.2,220,116.46 MB,.\CPTAC-PDA\C3L-00401\02-01-2003-NA-CT ABDOMEN NONENH  ENHANCED-BODY-04173\6.000000-VENOUS ABDPELVIS 2.5MM-55720,2026-10-07T01:13:19.478
1.3.6.1.4.1.14519.5.2.1.1078.3273.204808131173076753072264680143,CPTAC-PDA,null,https://doi.org/10.7937/K9/TCIA.2018.SC20FO18,C3L-00401,1.3.6.1.4.1.14519.5.2.1.1078.3273.272150880395270376537665904173,CT ABDOMEN NONENH  ENHANCED-BODY,02-01-2003,ARTERIAL UPPER ABD 2.5MM,GE MEDICAL SYSTEMS,CT,CT Image Storage,1.2.840.10008.5.1.4.1.1.2,83,43.94 MB,.\CPTAC-PDA\C3L-00401\02-01-2003-NA-CT ABDOMEN NONENH  ENHANCED-BODY-04173\5.000000-ARTERIAL UPPER ABD 2.5MM-80143,2026-10-07T01:20:11.151
1.3.6.1.4.1.14519.5.2.1.1078.3273.190093786582578209821571681042,CPTAC-PDA,null,https://doi.org/10.7937/K9/TCIA.2018.SC20FO18,C3L-00598,1.3.6.1.4.1.14519.5.2.1.1078.3273.133725899522537665602741713326,MR ABDOMEN NONENHANCED  ENHANCEDAB,03-24-2003,WATER Ph2Ax LAVA-Flex MULTIPHASE,GE MEDICAL SYSTEMS,MR,MR Image Storage,1.2.840.10008.5.1.4.1.1.4,76,40.31 MB,.\CPTAC-PDA\C3L-00598\03-24-2003-NA-MR ABDOMEN NONENHANCED  ENHANCEDAB-13326\1901.000000-WATER Ph2Ax LAVA-Flex MULTIPHASE-81042,2026-10-07T01:25:27.827
1.3.6.1.4.1.14519.5.2.1.1078.3273.118728365638643556704822628107,CPTAC-PDA,null,https://doi.org/10.7937/K9/TCIA.2018.SC20FO18,C3L-00395,1.3.6.1.4.1.14519.5.2.1.1078.3273.379853879295196145901394269408,CT ABDOMEN NONENH  ENHANCEDAB,03-10-2003,2.5 PV ABDPEL,GE MEDICAL SYSTEMS,CT,CT Image Storage,1.2.840.10008.5.1.4.1.1.2,251,132.86 MB,.\CPTAC-PDA\C3L-00395\03-10-2003-NA-CT ABDOMEN NONENH  ENHANCEDAB-69408\9.000000-2.5 PV ABDPEL-28107,2026-10-07T01:25:34.233
1.3.6.1.4.1.14519.5.2.1.1078.3273.228176521817637465464538864593,CPTAC-PDA,null,https://doi.org/10.7937/K9/TCIA.2018.SC20FO18,C3L-00189,1.3.6.1.4.1.14519.5.2.1.1078.3273.382194720873684027956624363347,CT ABDOMEN  PELVIS ENHANCEDAB,07-28-2003,AP 52.5MM 20 ASIR,GE MEDICAL SYSTEMS,CT,CT Image Storage,1.2.840.10008.5.1.4.1.1.2,203,107.50 MB,.\CPTAC-PDA\C3L-00189\07-28-2003-NA-CT ABDOMEN  PELVIS ENHANCEDAB-63347\303.000000-AP 52.5MM 20 ASIR-64593,2026-10-07T01:25:46.105
1.3.6.1.4.1.14519.5.2.1.1078.3273.281903012296049841851691612148,CPTAC-PDA,null,https://doi.org/10.7937/K9/TCIA.2018.SC20FO18,C3L-00598,1.3.6.1.4.1.14519.5.2.1.1078.3273.133725899522537665602741713326,MR ABDOMEN NONENHANCED  ENHANCEDAB,03-24-2003,WATER Ax LAVA-Flex PRE,GE MEDICAL SYSTEMS,MR,MR Image Storage,1.2.840.10008.5.1.4.1.1.4,76,40.31 MB,.\CPTAC-PDA\C3L-00598\03-24-2003-NA-MR ABDOMEN NONENHANCED  ENHANCEDAB-13326\17.000000-WATER Ax LAVA-Flex PRE-12148,2026-10-07T01:30:19.94
1.3.6.1.4.1.14519.5.2.1.1078.3273.284434159400355227660618151357,CPTAC-PDA,null,https://doi.org/10.7937/K9/TCIA.2018.SC20FO18,C3L-00625,1.3.6.1.4.1.14519.5.2.1.1078.3273.139985412320418407316296670477,CT ABDOMEN NONENH  ENHANCEDAB,09-28-2003,VENOUS ABDPELVIS,GE MEDICAL SYSTEMS,CT,CT Image Storage,1.2.840.10008.5.1.4.1.1.2,188,99.55 MB,.\CPTAC-PDA\C3L-00625\09-28-2003-NA-CT ABDOMEN NONENH  ENHANCEDAB-70477\6.000000-VENOUS ABDPELVIS-51357,2026-10-07T08:22:26.413
1.3.6.1.4.1.14519.5.2.1.1078.3273.594167590708523329502623766431,CPTAC-PDA,null,https://doi.org/10.7937/K9/TCIA.2018.SC20FO18,C3L-00622,1.3.6.1.4.1.14519.5.2.1.1078.3273.332173697029923487520510304273,CT ABDOMEN  PELVIS ENHANCEDAB,08-25-2003,53 ABD AXIAL 5X5,GE MEDICAL SYSTEMS,CT,CT Image Storage,1.2.840.10008.5.1.4.1.1.2,109,57.53 MB,.\CPTAC-PDA\C3L-00622\08-25-2003-NA-CT ABDOMEN  PELVIS ENHANCEDAB-04273\601.000000-53 ABD AXIAL 5X5-66431,2026-10-07T08:23:17.021
1.3.6.1.4.1.14519.5.2.1.1078.3273.528962902788862099299752483230,CPTAC-PDA,null,https://doi.org/10.7937/K9/TCIA.2018.SC20FO18,C3L-00599,1.3.6.1.4.1.14519.5.2.1.1078.3273.287741448107606200044766549226,CT ABDOMEN  PELVIS ENHANCEDAB,06-02-2003,ABDPEL  ENHANCED 52.5mm,GE MEDICAL SYSTEMS,CT,CT Image Storage,1.2.840.10008.5.1.4.1.1.2,194,102.74 MB,.\CPTAC-PDA\C3L-00599\06-02-2003-NA-CT ABDOMEN  PELVIS ENHANCEDAB-49226\3.000000-ABDPEL  ENHANCED 52.5mm-83230,2026-10-07T08:24:24.954
1.3.6.1.4.1.14519.5.2.1.1078.3273.307065441589039794210121382200,CPTAC-PDA,null,https://doi.org/10.7937/K9/TCIA.2018.SC20FO18,C3L-00625,1.3.6.1.4.1.14519.5.2.1.1078.3273.139985412320418407316296670477,CT ABDOMEN NONENH  ENHANCEDAB,09-28-2003,ARTERIAL UPPER ABD,GE MEDICAL SYSTEMS,CT,CT Image Storage,1.2.840.10008.5.1.4.1.1.2,108,57.19 MB,.\CPTAC-PDA\C3L-00625\09-28-2003-NA-CT ABDOMEN NONENH  ENHANCEDAB-70477\5.000000-ARTERIAL UPPER ABD-82200,2026-10-07T08:24:32.218
1.3.6.1.4.1.14519.5.2.1.2692.1975.203298124936036330224015891272,CPTAC-PDA,null,https://doi.org/10.7937/K9/TCIA.2018.SC20FO18,C3L-01036,1.3.6.1.4.1.14519.5.2.1.2692.1975.144537276817786584861405462125,NA,09-26-2011,Body 5.0 CE,TOSHIBA,CT,CT Image Storage,1.2.840.10008.5.1.4.1.1.2,76,40.08 MB,.\CPTAC-PDA\C3L-01036\09-26-2011-NA-NA-62125\5.000000-Body 5.0 CE-91272,2026-10-07T08:25:44.317
1.3.6.1.4.1.14519.5.2.1.1078.3273.213790906566744759915339361743,CPTAC-PDA,null,https://doi.org/10.7937/K9/TCIA.2018.SC20FO18,C3L-01687,1.3.6.1.4.1.14519.5.2.1.1078.3273.260713905558341142623441071761,CT ABDOMEN  PELVIS AUGMENTEDAB,10-27-2003,AXIAL ABDOMEN PELVIS,GE MEDICAL SYSTEMS,CT,CT Image Storage,1.2.840.10008.5.1.4.1.1.2,156,82.56 MB,.\CPTAC-PDA\C3L-01687\10-27-2003-NA-CT ABDOMEN  PELVIS AUGMENTEDAB-71761\3.000000-AXIAL ABDOMEN PELVIS-61743,2026-10-07T08:29:33.11
1.3.6.1.4.1.14519.5.2.1.2692.1975.257635862235998585184156485428,CPTAC-PDA,null,https://doi.org/10.7937/K9/TCIA.2018.SC20FO18,C3L-01032,1.3.6.1.4.1.14519.5.2.1.2692.1975.263836173972488501074580166155,NA,10-24-2011,Body 1.0 CE,TOSHIBA,CT,CT Image Storage,1.2.840.10008.5.1.4.1.1.2,401,211.51 MB,.\CPTAC-PDA\C3L-01032\10-24-2011-NA-NA-66155\10.000000-Body 1.0 CE-85428,2026-10-07T08:30:17.011
1.3.6.1.4.1.14519.5.2.1.1078.3273.280161638563292207369550872092,CPTAC-PDA,null,https://doi.org/10.7937/K9/TCIA.2018.SC20FO18,C3L-01689,1.3.6.1.4.1.14519.5.2.1.1078.3273.268358539799811717807471676672,CT ABDOMEN NONENH  ENHANCEDAB,11-07-2003,2.5 ARTERIAL ABDOMEN,GE MEDICAL SYSTEMS,CT,CT Image Storage,1.2.840.10008.5.1.4.1.1.2,83,43.93 MB,.\CPTAC-PDA\C3L-01689\11-07-2003-NA-CT ABDOMEN NONENH  ENHANCEDAB-76672\6.000000-2.5 ARTERIAL ABDOMEN-72092,2026-10-07T08:30:29.23
1.3.6.1.4.1.14519.5.2.1.2692.1975.404189055362116259036690595092,CPTAC-PDA,null,https://doi.org/10.7937/K9/TCIA.2018.SC20FO18,C3L-01036,1.3.6.1.4.1.14519.5.2.1.2692.1975.144537276817786584861405462125,NA,09-26-2011,Body 1.0 CE,TOSHIBA,CT,CT Image Storage,1.2.840.10008.5.1.4.1.1.2,469,247.38 MB,.\CPTAC-PDA\C3L-01036\09-26-2011-NA-NA-62125\10.000000-Body 1.0 CE-95092,2026-10-07T08:31:06.513
1.3.6.1.4.1.14519.5.2.1.1078.3273.131311021981995758635378138770,CPTAC-PDA,null,https://doi.org/10.7937/K9/TCIA.2018.SC20FO18,C3L-01702,1.3.6.1.4.1.14519.5.2.1.1078.3273.314237833757629861904050585914,CT ABDOMEN  PELVIS AUGMENTEDAB,09-28-2003,AXIAL ABDOMEN PELVIS,GE MEDICAL SYSTEMS,CT,CT Image Storage,1.2.840.10008.5.1.4.1.1.2,135,71.45 MB,.\CPTAC-PDA\C3L-01702\09-28-2003-NA-CT ABDOMEN  PELVIS AUGMENTEDAB-85914\3.000000-AXIAL ABDOMEN PELVIS-38770,2026-10-07T08:31:34.176
1.3.6.1.4.1.14519.5.2.1.1078.3273.269337454754528314534496192067,CPTAC-PDA,null,https://doi.org/10.7937/K9/TCIA.2018.SC20FO18,C3L-01703,1.3.6.1.4.1.14519.5.2.1.1078.3273.209638829076525895910314623080,CT ABDOMEN NONENH  ENHANCEDAB,11-07-2003,ARTERIAL UPPER ABD 2.5MM,GE MEDICAL SYSTEMS,CT,CT Image Storage,1.2.840.10008.5.1.4.1.1.2,76,40.22 MB,.\CPTAC-PDA\C3L-01703\11-07-2003-NA-CT ABDOMEN NONENH  ENHANCEDAB-23080\5.000000-ARTERIAL UPPER ABD 2.5MM-92067,2026-10-07T08:31:36.602
1.3.6.1.4.1.14519.5.2.1.1078.3273.324909977949421847397309520591,CPTAC-PDA,null,https://doi.org/10.7937/K9/TCIA.2018.SC20FO18,C3L-02109,1.3.6.1.4.1.14519.5.2.1.1078.3273.251690211733824304804342445913,FR PERMANENT FILE COPY,11-16-2003,5X5 AXIALS,GE MEDICAL SYSTEMS,CT,CT Image Storage,1.2.840.10008.5.1.4.1.1.2,88,46.58 MB,.\CPTAC-PDA\C3L-02109\11-16-2003-NA-FR PERMANENT FILE COPY-45913\3.000000-5X5 AXIALS-20591,2026-10-07T08:32:23.397
1.3.6.1.4.1.14519.5.2.1.1078.3273.915857074693225456170997227676,CPTAC-PDA,null,https://doi.org/10.7937/K9/TCIA.2018.SC20FO18,C3L-01689,1.3.6.1.4.1.14519.5.2.1.1078.3273.268358539799811717807471676672,CT ABDOMEN NONENH  ENHANCEDAB,11-07-2003,2.5 PV ABDPEL,GE MEDICAL SYSTEMS,CT,CT Image Storage,1.2.840.10008.5.1.4.1.1.2,254,134.42 MB,.\CPTAC-PDA\C3L-01689\11-07-2003-NA-CT ABDOMEN NONENH  ENHANCEDAB-76672\9.000000-2.5 PV ABDPEL-27676,2026-10-07T08:32:29.369
1.3.6.1.4.1.14519.5.2.1.1078.3273.333652539049780430799840370124,CPTAC-PDA,null,https://doi.org/10.7937/K9/TCIA.2018.SC20FO18,C3L-01703,1.3.6.1.4.1.14519.5.2.1.1078.3273.209638829076525895910314623080,CT ABDOMEN NONENH  ENHANCEDAB,11-07-2003,VENOUS ABDPELVIS 2.5MM,GE MEDICAL SYSTEMS,CT,CT Image Storage,1.2.840.10008.5.1.4.1.1.2,230,121.72 MB,.\CPTAC-PDA\C3L-01703\11-07-2003-NA-CT ABDOMEN NONENH  ENHANCEDAB-23080\6.000000-VENOUS ABDPELVIS 2.5MM-70124,2026-10-07T08:33:27.451
1.3.6.1.4.1.14519.5.2.1.1078.3273.100695794070451892455483306265,CPTAC-PDA,null,https://doi.org/10.7937/K9/TCIA.2018.SC20FO18,C3L-02112,1.3.6.1.4.1.14519.5.2.1.1078.3273.131112255180298386283634139859,CT ABDOMEN  PELVIS ENHANCEDAB,02-03-2004,ART THINS,GE MEDICAL SYSTEMS,CT,CT Image Storage,1.2.840.10008.5.1.4.1.1.2,365,193.18 MB,.\CPTAC-PDA\C3L-02112\02-03-2004-NA-CT ABDOMEN  PELVIS ENHANCEDAB-39859\305.000000-ART THINS-06265,2026-10-07T08:35:32.614
1.3.6.1.4.1.14519.5.2.1.1078.3273.704668399080353717237616884992,CPTAC-PDA,null,https://doi.org/10.7937/K9/TCIA.2018.SC20FO18,C3L-02115,1.3.6.1.4.1.14519.5.2.1.1078.3273.579950355873141726715743328300,CT ABDOMEN NONENH  ENHANCEDAB,01-11-2004,5 x 2.5 PV ABDPEL,GE MEDICAL SYSTEMS,CT,CT Image Storage,1.2.840.10008.5.1.4.1.1.2,194,102.67 MB,.\CPTAC-PDA\C3L-02115\01-11-2004-NA-CT ABDOMEN NONENH  ENHANCEDAB-28300\24.000000-5 x 2.5 PV ABDPEL-84992,2026-10-07T08:45:13.565
1.3.6.1.4.1.14519.5.2.1.1078.3273.282104996038162526040733366160,CPTAC-PDA,null,https://doi.org/10.7937/K9/TCIA.2018.SC20FO18,C3L-02118,1.3.6.1.4.1.14519.5.2.1.1078.3273.174242804485878810313629125277,CT CHEST ABDOMEN  PELVIS ENHANCEDAB,01-10-2004,ABD AXIAL 5X2,GE MEDICAL SYSTEMS,CT,CT Image Storage,1.2.840.10008.5.1.4.1.1.2,92,48.57 MB,.\CPTAC-PDA\C3L-02118\01-10-2004-NA-CT CHEST ABDOMEN  PELVIS ENHANCEDAB-25277\605.000000-ABD AXIAL 5X2-66160,2026-10-07T08:45:57.071
1.3.6.1.4.1.14519.5.2.1.1078.3273.150071258429349940444084974089,CPTAC-PDA,null,https://doi.org/10.7937/K9/TCIA.2018.SC20FO18,C3L-02610,1.3.6.1.4.1.14519.5.2.1.1078.3273.458092542884374121247283662319,MR ABDOMEN NO CONTRASTAB,02-02-2004,AX T1 IN OUT PHASE 2D BH,SIEMENS,MR,MR Image Storage,1.2.840.10008.5.1.4.1.1.4,72,30.94 MB,.\CPTAC-PDA\C3L-02610\02-02-2004-NA-MR ABDOMEN NO CONTRASTAB-62319\4.000000-AX T1 IN OUT PHASE 2D BH-74089,2026-10-07T08:46:49.729
1.3.6.1.4.1.14519.5.2.1.1078.3273.121497034251766040723671772840,CPTAC-PDA,null,https://doi.org/10.7937/K9/TCIA.2018.SC20FO18,C3L-02606,1.3.6.1.4.1.14519.5.2.1.1078.3273.696976040174217674027926575397,CT CHEST ABDOMEN  PELVIS ENHANCEDAB,02-08-2004,ABD PEL AXIAL ST 3MM,GE MEDICAL SYSTEMS,CT,CT Image Storage,1.2.840.10008.5.1.4.1.1.2,136,71.79 MB,.\CPTAC-PDA\C3L-02606\02-08-2004-NA-CT CHEST ABDOMEN  PELVIS ENHANCEDAB-75397\604.000000-ABD PEL AXIAL ST 3MM-72840,2026-10-07T08:47:09.463
1.3.6.1.4.1.14519.5.2.1.1078.3273.289184767481763536323572645412,CPTAC-PDA,null,https://doi.org/10.7937/K9/TCIA.2018.SC20FO18,C3L-02613,1.3.6.1.4.1.14519.5.2.1.1078.3273.193346692073394313791090771429,CT ABDOMEN NONENH  ENHANCEDAB,02-08-2004,59 ARTERIAL ABD AXIAL 3X2,GE MEDICAL SYSTEMS,CT,CT Image Storage,1.2.840.10008.5.1.4.1.1.2,109,57.54 MB,.\CPTAC-PDA\C3L-02613\02-08-2004-NA-CT ABDOMEN NONENH  ENHANCEDAB-71429\604.000000-59 ARTERIAL ABD AXIAL 3X2-45412,2026-10-07T08:47:25.552
1.3.6.1.4.1.14519.5.2.1.1078.3273.318390387516429528571766938804,CPTAC-PDA,null,https://doi.org/10.7937/K9/TCIA.2018.SC20FO18,C3L-02613,1.3.6.1.4.1.14519.5.2.1.1078.3273.193346692073394313791090771429,CT ABDOMEN NONENH  ENHANCEDAB,02-08-2004,61 VENOUS ABD AXIAL 3X2,GE MEDICAL SYSTEMS,CT,CT Image Storage,1.2.840.10008.5.1.4.1.1.2,215,113.49 MB,.\CPTAC-PDA\C3L-02613\02-08-2004-NA-CT ABDOMEN NONENH  ENHANCEDAB-71429\607.000000-61 VENOUS ABD AXIAL 3X2-38804,2026-10-07T08:48:48.613
1.3.6.1.4.1.14519.5.2.1.1078.3273.395701377130786332284740474887,CPTAC-PDA,NO,https://doi.org/10.7937/K9/TCIA.2018.SC20FO18,C3L-02888,1.3.6.1.4.1.14519.5.2.1.1078.3273.282556838468658064071224301576,CT ABDOMEN AND PELVIS ANGIOGRAMAB,05-22-2004,CTA AP 52.5MM,GE MEDICAL SYSTEMS,CT,CT Image Storage,1.2.840.10008.5.1.4.1.1.2,191,101.13 MB,.\CPTAC-PDA\C3L-02888\05-22-2004-NA-CT ABDOMEN AND PELVIS ANGIOGRAMAB-01576\603.000000-CTA AP 52.5MM-74887,2026-10-07T08:49:10.184
1.3.6.1.4.1.14519.5.2.1.1078.3273.253659253587241192987818798973,CPTAC-PDA,null,https://doi.org/10.7937/K9/TCIA.2018.SC20FO18,C3L-03123,1.3.6.1.4.1.14519.5.2.1.1078.3273.298999466671227840807204532556,CT ABDOMEN - AUGMENTAB,04-19-2004,VenousPhase Axial,TOSHIBA,CT,CT Image Storage,1.2.840.10008.5.1.4.1.1.2,69,36.46 MB,.\CPTAC-PDA\C3L-03123\04-19-2004-NA-CT ABDOMEN - AUGMENTAB-32556\6.000000-VenousPhase Axial-98973,2026-10-07T08:50:32.959
1.3.6.1.4.1.14519.5.2.1.1078.3273.260667850345575274602837514238,CPTAC-PDA,null,https://doi.org/10.7937/K9/TCIA.2018.SC20FO18,C3L-02890,1.3.6.1.4.1.14519.5.2.1.1078.3273.208590771532145884562399668202,CT ABDOMEN NONENH  ENHANCEDAB,03-18-2004,59 ARTERIAL ABD AXIAL 3X2,GE MEDICAL SYSTEMS,CT,CT Image Storage,1.2.840.10008.5.1.4.1.1.2,109,57.54 MB,.\CPTAC-PDA\C3L-02890\03-18-2004-NA-CT ABDOMEN NONENH  ENHANCEDAB-68202\604.000000-59 ARTERIAL ABD AXIAL 3X2-14238,2026-10-07T08:51:48.55
1.3.6.1.4.1.14519.5.2.1.1078.3273.878693805588095257666542243238,CPTAC-PDA,null,https://doi.org/10.7937/K9/TCIA.2018.SC20FO18,C3L-03123,1.3.6.1.4.1.14519.5.2.1.1078.3273.298999466671227840807204532556,CT ABDOMEN - AUGMENTAB,04-19-2004,PancreaticPhase Axial,TOSHIBA,CT,CT Image Storage,1.2.840.10008.5.1.4.1.1.2,125,66.05 MB,.\CPTAC-PDA\C3L-03123\04-19-2004-NA-CT ABDOMEN - AUGMENTAB-32556\5.000000-PancreaticPhase Axial-43238,2026-10-07T08:54:39.964
1.3.6.1.4.1.14519.5.2.1.1078.3273.271141209378346285855652349011,CPTAC-PDA,null,https://doi.org/10.7937/K9/TCIA.2018.SC20FO18,C3L-02890,1.3.6.1.4.1.14519.5.2.1.1078.3273.208590771532145884562399668202,CT ABDOMEN NONENH  ENHANCEDAB,03-18-2004,61 VENOUS ABD AXIAL 3X2,GE MEDICAL SYSTEMS,CT,CT Image Storage,1.2.840.10008.5.1.4.1.1.2,217,114.55 MB,.\CPTAC-PDA\C3L-02890\03-18-2004-NA-CT ABDOMEN NONENH  ENHANCEDAB-68202\607.000000-61 VENOUS ABD AXIAL 3X2-49011,2026-10-07T08:56:32.543
1.3.6.1.4.1.14519.5.2.1.1078.3273.212017362622226753855536018431,CPTAC-PDA,null,https://doi.org/10.7937/K9/TCIA.2018.SC20FO18,C3L-03129,1.3.6.1.4.1.14519.5.2.1.1078.3273.640735449193782945076350642934,MR ABDOMEN NONENHANCED  ENHANCEDAB,05-29-2004,AX T1 VIBE FS 2.5MM Dynamic,SIEMENS,MR,MR Image Storage,1.2.840.10008.5.1.4.1.1.4,96,16.36 MB,.\CPTAC-PDA\C3L-03129\05-29-2004-NA-MR ABDOMEN NONENHANCED  ENHANCEDAB-42934\16.000000-AX T1 VIBE FS 2.5MM Dynamic-18431,2026-10-07T08:57:54.346
1.3.6.1.4.1.14519.5.2.1.1078.3273.241431737476227926720743434481,CPTAC-PDA,null,https://doi.org/10.7937/K9/TCIA.2018.SC20FO18,C3L-03126,1.3.6.1.4.1.14519.5.2.1.1078.3273.744795280375184380316150258260,CT ABDOMEN AND PELVIS ANGIOGRAMAB,04-29-2004,69 AORTA AXIAL 3X2,GE MEDICAL SYSTEMS,CT,CT Image Storage,1.2.840.10008.5.1.4.1.1.2,110,58.06 MB,.\CPTAC-PDA\C3L-03126\04-29-2004-NA-CT ABDOMEN AND PELVIS ANGIOGRAMAB-58260\605.000000-69 AORTA AXIAL 3X2-34481,2026-10-07T08:58:31.883
1.3.6.1.4.1.14519.5.2.1.1078.3273.328057678871682854968358851386,CPTAC-PDA,NO,https://doi.org/10.7937/K9/TCIA.2018.SC20FO18,C3L-03348,1.3.6.1.4.1.14519.5.2.1.1078.3273.380523214062730373847513768048,MR ABDOMEN - CONTRASTAB,05-21-2004,WATER Ph3Ax LAVA-Flex MPh GAD,GE MEDICAL SYSTEMS,MR,MR Image Storage,1.2.840.10008.5.1.4.1.1.4,92,48.85 MB,.\CPTAC-PDA\C3L-03348\05-21-2004-NA-MR ABDOMEN - CONTRASTAB-68048\1102.000000-WATER Ph3Ax LAVA-Flex MPh GAD-51386,2026-10-07T08:59:49.3
1.3.6.1.4.1.14519.5.2.1.1078.3273.654288068063944271424383701136,CPTAC-PDA,NO,https://doi.org/10.7937/K9/TCIA.2018.SC20FO18,C3L-03348,1.3.6.1.4.1.14519.5.2.1.1078.3273.380523214062730373847513768048,MR ABDOMEN - CONTRASTAB,05-21-2004,WATER Ph1Ax LAVA-Flex MPh GAD,GE MEDICAL SYSTEMS,MR,MR Image Storage,1.2.840.10008.5.1.4.1.1.4,92,48.85 MB,.\CPTAC-PDA\C3L-03348\05-21-2004-NA-MR ABDOMEN - CONTRASTAB-68048\1100.000000-WATER Ph1Ax LAVA-Flex MPh GAD-01136,2026-10-07T09:01:41.724
1.3.6.1.4.1.14519.5.2.1.1078.3273.172129509352150718102721018816,CPTAC-PDA,null,https://doi.org/10.7937/K9/TCIA.2018.SC20FO18,C3L-03350,1.3.6.1.4.1.14519.5.2.1.1078.3273.126512275858764206644486954375,CT CHEST ABDOMEN  PELVIS ENHANCEDAB,05-21-2004,59 ARTERIAL ABD AXIAL 3X2,GE MEDICAL SYSTEMS,CT,CT Image Storage,1.2.840.10008.5.1.4.1.1.2,116,61.23 MB,.\CPTAC-PDA\C3L-03350\05-21-2004-NA-CT CHEST ABDOMEN  PELVIS ENHANCEDAB-54375\606.000000-59 ARTERIAL ABD AXIAL 3X2-18816,2026-10-07T09:02:03.954
1.3.6.1.4.1.14519.5.2.1.1078.3707.326044378573382028419735871265,CPTAC-PDA,NO,https://doi.org/10.7937/K9/TCIA.2018.SC20FO18,C3L-03348,1.3.6.1.4.1.14519.5.2.1.1078.3707.888572975372607996946072619086,CT ABDOMEN - AUGMENTAB,05-16-2004,Axial VenousPhase,TOSHIBA,CT,CT Image Storage,1.2.840.10008.5.1.4.1.1.2,89,47.03 MB,.\CPTAC-PDA\C3L-03348\05-16-2004-NA-CT ABDOMEN - AUGMENTAB-19086\7.000000-Axial VenousPhase-71265,2026-10-07T09:03:06.821
1.3.6.1.4.1.14519.5.2.1.1078.3273.229071156808614932171034087401,CPTAC-PDA,null,https://doi.org/10.7937/K9/TCIA.2018.SC20FO18,C3L-03350,1.3.6.1.4.1.14519.5.2.1.1078.3273.126512275858764206644486954375,CT CHEST ABDOMEN  PELVIS ENHANCEDAB,05-21-2004,61 VENOUS ABD AXIAL 3X2,GE MEDICAL SYSTEMS,CT,CT Image Storage,1.2.840.10008.5.1.4.1.1.2,258,136.19 MB,.\CPTAC-PDA\C3L-03350\05-21-2004-NA-CT CHEST ABDOMEN  PELVIS ENHANCEDAB-54375\610.000000-61 VENOUS ABD AXIAL 3X2-87401,2026-10-07T09:05:32.709
1.3.6.1.4.1.14519.5.2.1.1078.3273.178159594418154823809776931651,CPTAC-PDA,null,https://doi.org/10.7937/K9/TCIA.2018.SC20FO18,C3L-03356,1.3.6.1.4.1.14519.5.2.1.1078.3273.100521515901417319874859223746,CT CHESTABDPELVIS AUGMENTCH,06-24-2004,Axial,TOSHIBA,CT,CT Image Storage,1.2.840.10008.5.1.4.1.1.2,194,102.51 MB,.\CPTAC-PDA\C3L-03356\06-24-2004-NA-CT CHESTABDPELVIS AUGMENTCH-23746\6.000000-Axial-31651,2026-10-07T09:07:08.479
1.3.6.1.4.1.14519.5.2.1.1078.3273.303648785708062595873295083269,CPTAC-PDA,NO,https://doi.org/10.7937/K9/TCIA.2018.SC20FO18,C3L-03622,1.3.6.1.4.1.14519.5.2.1.1078.3273.161967304009510798824360936619,CT ABDOMEN  PELVIS AUGMENTEDAB,08-17-2004,AXIAL ABDOMEN PELVIS,GE MEDICAL SYSTEMS,CT,CT Image Storage,1.2.840.10008.5.1.4.1.1.2,140,74.11 MB,.\CPTAC-PDA\C3L-03622\08-17-2004-NA-CT ABDOMEN  PELVIS AUGMENTEDAB-36619\3.000000-AXIAL ABDOMEN PELVIS-83269,2026-10-07T09:07:21.345
1.3.6.1.4.1.14519.5.2.1.1078.3273.142579097345306818125431430053,CPTAC-PDA,null,https://doi.org/10.7937/K9/TCIA.2018.SC20FO18,C3L-03624,1.3.6.1.4.1.14519.5.2.1.1078.3273.169235434741974313451821290484,CT ABDOMEN NONENH  ENHANCEDAB,09-23-2004,VENOUS ABDPELVIS 52.5,GE MEDICAL SYSTEMS,CT,CT Image Storage,1.2.840.10008.5.1.4.1.1.2,152,80.44 MB,.\CPTAC-PDA\C3L-03624\09-23-2004-NA-CT ABDOMEN NONENH  ENHANCEDAB-90484\6.000000-VENOUS ABDPELVIS 52.5-30053,2026-10-07T09:09:44.108
1.3.6.1.4.1.14519.5.2.1.1078.3273.219322235640284397666367861262,CPTAC-PDA,null,https://doi.org/10.7937/K9/TCIA.2018.SC20FO18,C3L-03624,1.3.6.1.4.1.14519.5.2.1.1078.3273.169235434741974313451821290484,CT ABDOMEN NONENH  ENHANCEDAB,09-23-2004,ARTERIAL ABDO 2.51.25,GE MEDICAL SYSTEMS,CT,CT Image Storage,1.2.840.10008.5.1.4.1.1.2,153,80.97 MB,.\CPTAC-PDA\C3L-03624\09-23-2004-NA-CT ABDOMEN NONENH  ENHANCEDAB-90484\5.000000-ARTERIAL ABDO 2.51.25-61262,2026-10-07T09:09:45.967
1.3.6.1.4.1.14519.5.2.1.1078.3273.139544023362693574988083545035,CPTAC-PDA,null,https://doi.org/10.7937/K9/TCIA.2018.SC20FO18,C3L-03628,1.3.6.1.4.1.14519.5.2.1.1078.3273.228965519106689967722048482362,CT ABDOMEN  PELVIS ENHANCEDAB,09-12-2004,59 ARTERIAL ABD AXIAL 3X2,GE MEDICAL SYSTEMS,CT,CT Image Storage,1.2.840.10008.5.1.4.1.1.2,104,54.89 MB,.\CPTAC-PDA\C3L-03628\09-12-2004-NA-CT ABDOMEN  PELVIS ENHANCEDAB-82362\605.000000-59 ARTERIAL ABD AXIAL 3X2-45035,2026-10-07T09:10:05.723
1.3.6.1.4.1.14519.5.2.1.1078.3273.143149128964300163871889705246,CPTAC-PDA,null,https://doi.org/10.7937/K9/TCIA.2018.SC20FO18,C3L-03628,1.3.6.1.4.1.14519.5.2.1.1078.3273.228965519106689967722048482362,CT ABDOMEN  PELVIS ENHANCEDAB,09-12-2004,61 VENOUS ABD AXIAL 3X2,GE MEDICAL SYSTEMS,CT,CT Image Storage,1.2.840.10008.5.1.4.1.1.2,217,114.54 MB,.\CPTAC-PDA\C3L-03628\09-12-2004-NA-CT ABDOMEN  PELVIS ENHANCEDAB-82362\608.000000-61 VENOUS ABD AXIAL 3X2-05246,2026-10-07T09:12:24.396
1.3.6.1.4.1.14519.5.2.1.1078.3707.170952835567616439172864119879,CPTAC-PDA,NO,https://doi.org/10.7937/K9/TCIA.2018.SC20FO18,C3L-03629,1.3.6.1.4.1.14519.5.2.1.1078.3707.974181135008674706264638854682,CT ABDOMEN NONENH  ENHANCEDAB,09-16-2004,ARTERIAL LIVER,GE MEDICAL SYSTEMS,CT,CT Image Storage,1.2.840.10008.5.1.4.1.1.2,178,94.22 MB,.\CPTAC-PDA\C3L-03629\09-16-2004-NA-CT ABDOMEN NONENH  ENHANCEDAB-54682\5.000000-ARTERIAL LIVER-19879,2026-10-07T09:12:31.616
1.3.6.1.4.1.14519.5.2.1.1078.3273.135593219989915389397811943521,CPTAC-PDA,null,https://doi.org/10.7937/K9/TCIA.2018.SC20FO18,C3L-03632,1.3.6.1.4.1.14519.5.2.1.1078.3273.213095385495996797963206141380,CT ABDOMEN NONENH  ENHANCEDAB,12-23-2004,VENOUS AXIAL 5 X 2.5,GE MEDICAL SYSTEMS,CT,CT Image Storage,1.2.840.10008.5.1.4.1.1.2,181,95.79 MB,.\CPTAC-PDA\C3L-03632\12-23-2004-NA-CT ABDOMEN NONENH  ENHANCEDAB-41380\11.000000-VENOUS AXIAL 5 X 2.5-43521,2026-10-07T09:13:01.13
1.3.6.1.4.1.14519.5.2.1.1078.3707.290527642973048522344864809162,CPTAC-PDA,NO,https://doi.org/10.7937/K9/TCIA.2018.SC20FO18,C3L-03629,1.3.6.1.4.1.14519.5.2.1.1078.3707.974181135008674706264638854682,CT ABDOMEN NONENH  ENHANCEDAB,09-16-2004,ABDOPELVIS 5x2.5mm,GE MEDICAL SYSTEMS,CT,CT Image Storage,1.2.840.10008.5.1.4.1.1.2,89,47.11 MB,.\CPTAC-PDA\C3L-03629\09-16-2004-NA-CT ABDOMEN NONENH  ENHANCEDAB-54682\9.000000-ABDOPELVIS 5x2.5mm-09162,2026-10-07T09:13:47.442
1.3.6.1.4.1.14519.5.2.1.1078.3707.147874067922819363627684798170,CPTAC-PDA,null,https://doi.org/10.7937/K9/TCIA.2018.SC20FO18,C3L-03639,1.3.6.1.4.1.14519.5.2.1.1078.3707.249966304594680029097984239242,CT ABDOMEN NONENH  ENHANCEDAB,01-04-2005,ART THINS,GE MEDICAL SYSTEMS,CT,CT Image Storage,1.2.840.10008.5.1.4.1.1.2,27,14.29 MB,.\CPTAC-PDA\C3L-03639\01-04-2005-NA-CT ABDOMEN NONENH  ENHANCEDAB-39242\305.000000-ART THINS-98170,2026-10-07T09:13:56.162
1.3.6.1.4.1.14519.5.2.1.2857.3273.106345717013707649468313582498,CPTAC-PDA,null,https://doi.org/10.7937/K9/TCIA.2018.SC20FO18,C3L-03743,1.3.6.1.4.1.14519.5.2.1.2857.3273.217658252544362628018391397434,CT ABDOMEN WOW CONTRAST,01-11-2002,ART ST,GE MEDICAL SYSTEMS,CT,CT Image Storage,1.2.840.10008.5.1.4.1.1.2,104,54.99 MB,.\CPTAC-PDA\C3L-03743\01-11-2002-NA-CT ABDOMEN WOW CONTRAST-97434\5.000000-ART ST-82498,2026-10-07T09:14:37.786
1.3.6.1.4.1.14519.5.2.1.1078.3273.155971527466699061555353618253,CPTAC-PDA,null,https://doi.org/10.7937/K9/TCIA.2018.SC20FO18,C3L-03632,1.3.6.1.4.1.14519.5.2.1.1078.3273.213095385495996797963206141380,CT ABDOMEN NONENH  ENHANCEDAB,12-23-2004,ARTERIAL AXIAL 2.5 X 1.25,GE MEDICAL SYSTEMS,CT,CT Image Storage,1.2.840.10008.5.1.4.1.1.2,185,97.90 MB,.\CPTAC-PDA\C3L-03632\12-23-2004-NA-CT ABDOMEN NONENH  ENHANCEDAB-41380\6.000000-ARTERIAL AXIAL 2.5 X 1.25-18253,2026-10-07T09:14:51.38
1.3.6.1.4.1.14519.5.2.1.2857.3273.763873604368773090782703713954,CPTAC-PDA,null,https://doi.org/10.7937/K9/TCIA.2018.SC20FO18,C3L-03743,1.3.6.1.4.1.14519.5.2.1.2857.3273.217658252544362628018391397434,CT ABDOMEN WOW CONTRAST,01-11-2002,VENOUS ST,GE MEDICAL SYSTEMS,CT,CT Image Storage,1.2.840.10008.5.1.4.1.1.2,104,54.99 MB,.\CPTAC-PDA\C3L-03743\01-11-2002-NA-CT ABDOMEN WOW CONTRAST-97434\7.000000-VENOUS ST-13954,2026-10-07T09:15:15.913
1.3.6.1.4.1.14519.5.2.1.1078.3273.148588480478102781132518226358,CPTAC-PDA,null,https://doi.org/10.7937/K9/TCIA.2018.SC20FO18,C3L-03126,1.3.6.1.4.1.14519.5.2.1.1078.3273.744795280375184380316150258260,CT ABDOMEN AND PELVIS ANGIOGRAMAB,04-29-2004,POST ENDO ABDOMEN,GE MEDICAL SYSTEMS,CT,CT Image Storage,1.2.840.10008.5.1.4.1.1.2,734,388.40 MB,.\CPTAC-PDA\C3L-03126\04-29-2004-NA-CT ABDOMEN AND PELVIS ANGIOGRAMAB-58260\2.000000-POST ENDO ABDOMEN-26358,2026-10-07T09:15:41.331
1.3.6.1.4.1.14519.5.2.1.1078.3273.847675893530584838871551804647,CPTAC-PDA,null,https://doi.org/10.7937/K9/TCIA.2018.SC20FO18,C3L-04495,1.3.6.1.4.1.14519.5.2.1.1078.3273.204886849056599953792202105518,CT CHEST ENHANCEDCH,02-24-2005,CHEST STND C 5MM,GE MEDICAL SYSTEMS,CT,CT Image Storage,1.2.840.10008.5.1.4.1.1.2,62,32.81 MB,.\CPTAC-PDA\C3L-04495\02-24-2005-NA-CT CHEST ENHANCEDCH-05518\3.000000-CHEST STND C 5MM-04647,2026-10-07T09:15:59.614
1.3.6.1.4.1.14519.5.2.1.1078.3273.266637006359890695546741377528,CPTAC-PDA,null,https://doi.org/10.7937/K9/TCIA.2018.SC20FO18,C3L-04475,1.3.6.1.4.1.14519.5.2.1.1078.3273.174535023149352836233421279378,CT ABDOMEN  PELVIS ENHANCEDAB,03-05-2005,ABDOMEN 5 X 2.5,GE MEDICAL SYSTEMS,CT,CT Image Storage,1.2.840.10008.5.1.4.1.1.2,181,95.79 MB,.\CPTAC-PDA\C3L-04475\03-05-2005-NA-CT ABDOMEN  PELVIS ENHANCEDAB-79378\3.000000-ABDOMEN 5 X 2.5-77528,2026-10-07T09:16:20.859
1.3.6.1.4.1.14519.5.2.1.1078.3707.745191582723535005851873488541,CPTAC-PDA,NO,https://doi.org/10.7937/K9/TCIA.2018.SC20FO18,C3L-04853,1.3.6.1.4.1.14519.5.2.1.1078.3707.306310279780722801508209857695,CT ABDOMEN  PELVIS ENHANCEDAB,04-29-2005,ABDPEL ENHANCED STND 5MM,GE MEDICAL SYSTEMS,CT,CT Image Storage,1.2.840.10008.5.1.4.1.1.2,160,84.71 MB,.\CPTAC-PDA\C3L-04853\04-29-2005-NA-CT ABDOMEN  PELVIS ENHANCEDAB-57695\3.000000-ABDPEL ENHANCED STND 5MM-88541,2026-10-07T09:17:56.899
1.3.6.1.4.1.14519.5.2.1.1078.3273.147340054288591525784413209683,CPTAC-PDA,null,https://doi.org/10.7937/K9/TCIA.2018.SC20FO18,C3L-04479,1.3.6.1.4.1.14519.5.2.1.1078.3273.894141836643315948463816810723,CT ABDOMEN  PELVIS ENHANCEDAB,01-15-2005,AXIALS 5x2.5,GE MEDICAL SYSTEMS,CT,CT Image Storage,1.2.840.10008.5.1.4.1.1.2,220,116.42 MB,.\CPTAC-PDA\C3L-04479\01-15-2005-NA-CT ABDOMEN  PELVIS ENHANCEDAB-10723\3.000000-AXIALS 5x2.5-09683,2026-10-07T09:18:42.852
1.3.6.1.4.1.14519.5.2.1.1078.3707.251216800774422083944437570461,CPTAC-PDA,NO,https://doi.org/10.7937/K9/TCIA.2018.SC20FO18,C3L-05049,1.3.6.1.4.1.14519.5.2.1.1078.3707.190275315139055125816518827399,CT ABDOMEN  PELVIS ENHANCEDAB,07-04-2005,ABDPEL  ENHANCED 52.5mm,GE MEDICAL SYSTEMS,CT,CT Image Storage,1.2.840.10008.5.1.4.1.1.2,188,99.53 MB,.\CPTAC-PDA\C3L-05049\07-04-2005-NA-CT ABDOMEN  PELVIS ENHANCEDAB-27399\3.000000-ABDPEL  ENHANCED 52.5mm-70461,2026-10-07T09:19:15.836
1.3.6.1.4.1.14519.5.2.1.1078.3273.287422339118300510038202282023,CPTAC-PDA,null,https://doi.org/10.7937/K9/TCIA.2018.SC20FO18,C3L-04848,1.3.6.1.4.1.14519.5.2.1.1078.3273.836595808632351986374665137330,CT ABDOMEN  PELVIS ENHANCEDAB,03-18-2005,AP 52.5MM 20 ASIR,GE MEDICAL SYSTEMS,CT,CT Image Storage,1.2.840.10008.5.1.4.1.1.2,193,102.10 MB,.\CPTAC-PDA\C3L-04848\03-18-2005-NA-CT ABDOMEN  PELVIS ENHANCEDAB-37330\303.000000-AP 52.5MM 20 ASIR-82023,2026-10-07T09:19:18.139
1.3.6.1.4.1.14519.5.2.1.1078.3707.196954109640039669282131558912,CPTAC-PDA,NO,https://doi.org/10.7937/K9/TCIA.2018.SC20FO18,C3L-05043,1.3.6.1.4.1.14519.5.2.1.1078.3707.328146283792569463592980092672,CT ABDOMEN  PELVIS ENHANCEDAB,08-07-2005,ABDPEL  ENHANCED STND 5MM,GE MEDICAL SYSTEMS,CT,CT Image Storage,1.2.840.10008.5.1.4.1.1.2,188,99.53 MB,.\CPTAC-PDA\C3L-05043\08-07-2005-NA-CT ABDOMEN  PELVIS ENHANCEDAB-92672\3.000000-ABDPEL  ENHANCED STND 5MM-58912,2026-10-07T09:19:20.148
1.3.6.1.4.1.14519.5.2.1.1078.3707.438434781851775590579270954025,CPTAC-PDA,NO,https://doi.org/10.7937/K9/TCIA.2018.SC20FO18,C3L-05057,1.3.6.1.4.1.14519.5.2.1.1078.3707.482749566112603740870997292575,CT ABDOMEN  PELVIS NONENH  ENHANCEDAB,09-09-2005,ABDPEL  ENHANCED STND 5MM,GE MEDICAL SYSTEMS,CT,CT Image Storage,1.2.840.10008.5.1.4.1.1.2,191,101.11 MB,.\CPTAC-PDA\C3L-05057\09-09-2005-NA-CT ABDOMEN  PELVIS NONENH  ENHANCEDAB-92575\3.000000-ABDPEL  ENHANCED STND 5MM-54025,2026-10-07T09:31:20.084
1.3.6.1.4.1.14519.5.2.1.1078.3707.249303743386966379507934343513,CPTAC-PDA,NO,https://doi.org/10.7937/K9/TCIA.2018.SC20FO18,C3L-05053,1.3.6.1.4.1.14519.5.2.1.1078.3707.132224708406446609942609333977,CT ABDOMEN NONENH  ENHANCEDAB,08-01-2005,ARTERIAL UPPER ABD 2.5MM,GE MEDICAL SYSTEMS,CT,CT Image Storage,1.2.840.10008.5.1.4.1.1.2,122,64.58 MB,.\CPTAC-PDA\C3L-05053\08-01-2005-NA-CT ABDOMEN NONENH  ENHANCEDAB-33977\6.000000-ARTERIAL UPPER ABD 2.5MM-43513,2026-10-07T09:32:03.457
1.3.6.1.4.1.14519.5.2.1.1078.3707.200440480565792805260622798852,CPTAC-PDA,NO,https://doi.org/10.7937/K9/TCIA.2018.SC20FO18,C3L-05121,1.3.6.1.4.1.14519.5.2.1.1078.3707.158897309051929879238711525512,CT ABDOMEN NONENH  ENHANCEDAB,08-28-2005,59 ARTERIAL ABD AXIAL 3X2,GE MEDICAL SYSTEMS,CT,CT Image Storage,1.2.840.10008.5.1.4.1.1.2,104,54.91 MB,.\CPTAC-PDA\C3L-05121\08-28-2005-NA-CT ABDOMEN NONENH  ENHANCEDAB-25512\605.000000-59 ARTERIAL ABD AXIAL 3X2-98852,2026-10-07T09:32:05.321
1.3.6.1.4.1.14519.5.2.1.1427.3273.101032556393902949300365967296,CPTAC-PDA,NO,https://doi.org/10.7937/K9/TCIA.2018.SC20FO18,C3L-05578,1.3.6.1.4.1.14519.5.2.1.1427.3273.153363285989430991618428024759,MRI ABD WOW CONTRAST,03-04-2012,AX FS 3D T1 PRE CON,SIEMENS,MR,MR Image Storage,1.2.840.10008.5.1.4.1.1.4,88,46.49 MB,.\CPTAC-PDA\C3L-05578\03-04-2012-NA-MRI ABD WOW CONTRAST-24759\16.000000-AX FS 3D T1 PRE CON-67296,2026-10-07T09:32:49.918
1.3.6.1.4.1.14519.5.2.1.1078.3707.204937373061839758073587449315,CPTAC-PDA,NO,https://doi.org/10.7937/K9/TCIA.2018.SC20FO18,C3L-05121,1.3.6.1.4.1.14519.5.2.1.1078.3707.158897309051929879238711525512,CT ABDOMEN NONENH  ENHANCEDAB,08-28-2005,61 VENOUS ABD AXIAL 3X2,GE MEDICAL SYSTEMS,CT,CT Image Storage,1.2.840.10008.5.1.4.1.1.2,216,114.04 MB,.\CPTAC-PDA\C3L-05121\08-28-2005-NA-CT ABDOMEN NONENH  ENHANCEDAB-25512\608.000000-61 VENOUS ABD AXIAL 3X2-49315,2026-10-07T09:33:00.687
1.3.6.1.4.1.14519.5.2.1.1078.3707.239515839789666727219885872784,CPTAC-PDA,NO,https://doi.org/10.7937/K9/TCIA.2018.SC20FO18,C3L-05056,1.3.6.1.4.1.14519.5.2.1.1078.3707.468906872725737645013900098334,CT ABDOMEN AND PELVIS ANGIOGRAMAB,10-04-2005,CTA ABDPEL THINS,GE MEDICAL SYSTEMS,CT,CT Image Storage,1.2.840.10008.5.1.4.1.1.2,801,423.84 MB,.\CPTAC-PDA\C3L-05056\10-04-2005-NA-CT ABDOMEN AND PELVIS ANGIOGRAMAB-98334\301.000000-CTA ABDPEL THINS-72784,2026-10-07T09:33:23.068
1.3.6.1.4.1.14519.5.2.1.1427.3273.169649264259051489320734977834,CPTAC-PDA,NO,https://doi.org/10.7937/K9/TCIA.2018.SC20FO18,C3L-05716,1.3.6.1.4.1.14519.5.2.1.1427.3273.792627341048225558221436511658,CT ABDPEL EXTERNAL IMAGING,03-25-2012,ARTERIAL 2.5,GE MEDICAL SYSTEMS,CT,CT Image Storage,1.2.840.10008.5.1.4.1.1.2,83,43.96 MB,.\CPTAC-PDA\C3L-05716\03-25-2012-NA-CT ABDPEL EXTERNAL IMAGING-11658\4.000000-ARTERIAL 2.5-77834,2026-10-07T09:33:47.891
1.3.6.1.4.1.14519.5.2.1.1427.3273.295863482477766687755094926671,CPTAC-PDA,NO,https://doi.org/10.7937/K9/TCIA.2018.SC20FO18,C3L-05578,1.3.6.1.4.1.14519.5.2.1.1427.3273.153363285989430991618428024759,MRI ABD WOW CONTRAST,03-04-2012,AX FS 3D T1 LATE CON,SIEMENS,MR,MR Image Storage,1.2.840.10008.5.1.4.1.1.4,88,46.50 MB,.\CPTAC-PDA\C3L-05578\03-04-2012-NA-MRI ABD WOW CONTRAST-24759\19.000000-AX FS 3D T1 LATE CON-26671,2026-10-07T09:34:52.91
1.3.6.1.4.1.14519.5.2.1.1427.3273.298440164263170587943095778802,CPTAC-PDA,NO,https://doi.org/10.7937/K9/TCIA.2018.SC20FO18,C3L-05708,1.3.6.1.4.1.14519.5.2.1.1427.3273.599818014599382633469191336169,CT ABDOMEN EXTERNAL IMAGING,04-27-2012,AP wo  2.0  B31f,SIEMENS,CT,CT Image Storage,1.2.840.10008.5.1.4.1.1.2,239,126.26 MB,.\CPTAC-PDA\C3L-05708\04-27-2012-NA-CT ABDOMEN EXTERNAL IMAGING-36169\3.000000-AP wo  2.0  B31f-78802,2026-10-07T09:35:51.527
1.3.6.1.4.1.14519.5.2.1.1427.3273.260423921121171151407313204458,CPTAC-PDA,NO,https://doi.org/10.7937/K9/TCIA.2018.SC20FO18,C3L-05722,1.3.6.1.4.1.14519.5.2.1.1427.3273.228049380351883376539289446421,CT CHESTABDPEL EXTERNAL IMAGING,04-22-2012,DELAYED KIDNEY-BLADDER,GE MEDICAL SYSTEMS,CT,CT Image Storage,1.2.840.10008.5.1.4.1.1.2,91,48.17 MB,.\CPTAC-PDA\C3L-05722\04-22-2012-NA-CT CHESTABDPEL EXTERNAL IMAGING-46421\4.000000-DELAYED KIDNEY-BLADDER-04458,2026-10-07T09:36:21.271
1.3.6.1.4.1.14519.5.2.1.1427.3273.582598689127606838699057749706,CPTAC-PDA,NO,https://doi.org/10.7937/K9/TCIA.2018.SC20FO18,C3L-05722,1.3.6.1.4.1.14519.5.2.1.1427.3273.228049380351883376539289446421,CT CHESTABDPEL EXTERNAL IMAGING,04-22-2012,AXIAL CHESTABDPEL DYNAMIC,GE MEDICAL SYSTEMS,CT,CT Image Storage,1.2.840.10008.5.1.4.1.1.2,128,67.76 MB,.\CPTAC-PDA\C3L-05722\04-22-2012-NA-CT CHESTABDPEL EXTERNAL IMAGING-46421\2.000000-AXIAL CHESTABDPEL DYNAMIC-49706,2026-10-07T09:37:54.834
1.3.6.1.4.1.14519.5.2.1.1427.3273.249182770792911697228966888994,CPTAC-PDA,NO,https://doi.org/10.7937/K9/TCIA.2018.SC20FO18,C3L-05723,1.3.6.1.4.1.14519.5.2.1.1427.3273.500847649725834459840616311504,CT ABDPEL EXTERNAL IMAGING,05-10-2012,3.75mm ABDPELVIS,GE MEDICAL SYSTEMS,CT,CT Image Storage,1.2.840.10008.5.1.4.1.1.2,133,70.37 MB,.\CPTAC-PDA\C3L-05723\05-10-2012-NA-CT ABDPEL EXTERNAL IMAGING-11504\4.000000-3.75mm ABDPELVIS-88994,2026-10-07T09:38:04.312
1.3.6.1.4.1.14519.5.2.1.1078.3707.128329544062226485552792767679,CPTAC-PDA,NO,https://doi.org/10.7937/K9/TCIA.2018.SC20FO18,C3L-05744,1.3.6.1.4.1.14519.5.2.1.1078.3707.145882970572680441692981641647,CT ABDOMEN  PELVISAB,10-04-2005,ABDPEL STND 52.5mm,GE MEDICAL SYSTEMS,CT,CT Image Storage,1.2.840.10008.5.1.4.1.1.2,172,91.05 MB,.\CPTAC-PDA\C3L-05744\10-04-2005-NA-CT ABDOMEN  PELVISAB-41647\3.000000-ABDPEL STND 52.5mm-67679,2026-10-07T09:40:07.042
1.3.6.1.4.1.14519.5.2.1.1078.3707.156265029268217136754276143893,CPTAC-PDA,NO,https://doi.org/10.7937/K9/TCIA.2018.SC20FO18,C3L-05745,1.3.6.1.4.1.14519.5.2.1.1078.3707.162877249930776362098336308260,CT ABDOMEN  PELVIS ENHANCEDAB,11-06-2005,54 ABD AXIAL 5X2,GE MEDICAL SYSTEMS,CT,CT Image Storage,1.2.840.10008.5.1.4.1.1.2,199,105.05 MB,.\CPTAC-PDA\C3L-05745\11-06-2005-NA-CT ABDOMEN  PELVIS ENHANCEDAB-08260\601.000000-54 ABD AXIAL 5X2-43893,2026-10-07T09:41:04.803
1.3.6.1.4.1.14519.5.2.1.1078.3707.336545001653970781617750849631,CPTAC-PDA,NO,https://doi.org/10.7937/K9/TCIA.2018.SC20FO18,C3L-05746,1.3.6.1.4.1.14519.5.2.1.1078.3707.197514032601088377675158979979,CT ABDOMEN  PELVIS ENHANCEDAB,10-23-2005,54 ABD AXIAL 5X2,GE MEDICAL SYSTEMS,CT,CT Image Storage,1.2.840.10008.5.1.4.1.1.2,193,101.89 MB,.\CPTAC-PDA\C3L-05746\10-23-2005-NA-CT ABDOMEN  PELVIS ENHANCEDAB-79979\601.000000-54 ABD AXIAL 5X2-49631,2026-10-07T09:42:14.311
1.3.6.1.4.1.14519.5.2.1.1078.3707.107608295092057231404177216477,CPTAC-PDA,NO,https://doi.org/10.7937/K9/TCIA.2018.SC20FO18,C3L-05750,1.3.6.1.4.1.14519.5.2.1.1078.3707.314281388075677716036858157039,MR ABDOMEN NONENHANCED  ENHANCEDAB,10-21-2005,AX CAPI VIBE POST,SIEMENS,MR,MR Image Storage,1.2.840.10008.5.1.4.1.1.4,88,15.00 MB,.\CPTAC-PDA\C3L-05750\10-21-2005-NA-MR ABDOMEN NONENHANCED  ENHANCEDAB-57039\14.000000-AX CAPI VIBE POST-16477,2026-10-07T09:42:30.209
1.3.6.1.4.1.14519.5.2.1.1078.3707.290907831509472726511671573893,CPTAC-PDA,NO,https://doi.org/10.7937/K9/TCIA.2018.SC20FO18,C3L-05750,1.3.6.1.4.1.14519.5.2.1.1078.3707.314281388075677716036858157039,MR ABDOMEN NONENHANCED  ENHANCEDAB,10-21-2005,AX T1 FS FLASH PANC,SIEMENS,MR,MR Image Storage,1.2.840.10008.5.1.4.1.1.4,34,22.70 MB,.\CPTAC-PDA\C3L-05750\10-21-2005-NA-MR ABDOMEN NONENHANCED  ENHANCEDAB-57039\9.000000-AX T1 FS FLASH PANC-73893,2026-10-07T09:43:50.728
1.3.6.1.4.1.14519.5.2.1.1427.3273.524335719231376676691436250435,CPTAC-PDA,NO,https://doi.org/10.7937/K9/TCIA.2018.SC20FO18,C3L-05716,1.3.6.1.4.1.14519.5.2.1.1427.3273.792627341048225558221436511658,CT ABDPEL EXTERNAL IMAGING,03-25-2012,VENOUS 2.5,GE MEDICAL SYSTEMS,CT,CT Image Storage,1.2.840.10008.5.1.4.1.1.2,193,102.23 MB,.\CPTAC-PDA\C3L-05716\03-25-2012-NA-CT ABDPEL EXTERNAL IMAGING-11658\7.000000-VENOUS 2.5-50435,2026-10-07T09:44:24.564
1.3.6.1.4.1.14519.5.2.1.1078.3707.144996911042237741282477271253,CPTAC-PDA,NO,https://doi.org/10.7937/K9/TCIA.2018.SC20FO18,C3L-05748,1.3.6.1.4.1.14519.5.2.1.1078.3707.159264127752737707758305281510,CT CHEST ABDOMEN  PELVIS ENHANCEDAB,11-22-2005,CHEST ST THINS,GE MEDICAL SYSTEMS,CT,CT Image Storage,1.2.840.10008.5.1.4.1.1.2,482,255.13 MB,.\CPTAC-PDA\C3L-05748\11-22-2005-NA-CT CHEST ABDOMEN  PELVIS ENHANCEDAB-81510\6.000000-CHEST ST THINS-71253,2026-10-07T10:22:50.883
1.3.6.1.4.1.14519.5.2.1.1078.3707.182516545111850526041543836786,CPTAC-PDA,NO,https://doi.org/10.7937/K9/TCIA.2018.SC20FO18,C3L-05752,1.3.6.1.4.1.14519.5.2.1.1078.3707.263676217610199255474920063039,CT ABDOMEN NONENH  ENHANCEDAB,10-30-2005,VENOUS ABDPELVIS 52.5,GE MEDICAL SYSTEMS,CT,CT Image Storage,1.2.840.10008.5.1.4.1.1.2,202,106.94 MB,.\CPTAC-PDA\C3L-05752\10-30-2005-NA-CT ABDOMEN NONENH  ENHANCEDAB-63039\6.000000-VENOUS ABDPELVIS 52.5-36786,2026-10-07T10:23:04.419
1.3.6.1.4.1.14519.5.2.1.1427.3273.121791831794006028986905739605,CPTAC-PDA,NO,https://doi.org/10.7937/K9/TCIA.2018.SC20FO18,C3L-06153,1.3.6.1.4.1.14519.5.2.1.1427.3273.234954617623115283859598768084,CT ABDPEL EXTERNAL IMAGING,08-03-2012,VENOUS ABDOMENPELVIS,SIEMENS,CT,CT Image Storage,1.2.840.10008.5.1.4.1.1.2,85,44.86 MB,.\CPTAC-PDA\C3L-06153\08-03-2012-NA-CT ABDPEL EXTERNAL IMAGING-68084\6.000000-VENOUS ABDOMENPELVIS-39605,2026-10-07T10:25:04.55
1.3.6.1.4.1.14519.5.2.1.1427.3273.324613170175005057556519767340,CPTAC-PDA,NO,https://doi.org/10.7937/K9/TCIA.2018.SC20FO18,C3L-06153,1.3.6.1.4.1.14519.5.2.1.1427.3273.234954617623115283859598768084,CT ABDPEL EXTERNAL IMAGING,08-03-2012,ARTERIAL ABDOMEN,SIEMENS,CT,CT Image Storage,1.2.840.10008.5.1.4.1.1.2,57,30.08 MB,.\CPTAC-PDA\C3L-06153\08-03-2012-NA-CT ABDPEL EXTERNAL IMAGING-68084\4.000000-ARTERIAL ABDOMEN-67340,2026-10-07T10:25:29.412
1.3.6.1.4.1.14519.5.2.1.1078.3707.235264787525123996478604898081,CPTAC-PDA,NO,https://doi.org/10.7937/K9/TCIA.2018.SC20FO18,C3L-05754,1.3.6.1.4.1.14519.5.2.1.1078.3707.169211600649903061949827586654,CT CHEST ABDOMEN  PELVIS ENHANCEDAB,09-17-2005,5 X 2.5 AXIAL ABDOMEN,GE MEDICAL SYSTEMS,CT,CT Image Storage,1.2.840.10008.5.1.4.1.1.2,215,113.82 MB,.\CPTAC-PDA\C3L-05754\09-17-2005-NA-CT CHEST ABDOMEN  PELVIS ENHANCEDAB-86654\11.000000-5 X 2.5 AXIAL ABDOMEN-98081,2026-10-07T10:25:56.215
1.3.6.1.4.1.14519.5.2.1.1427.3273.322152582488529662411682804622,CPTAC-PDA,NO,https://doi.org/10.7937/K9/TCIA.2018.SC20FO18,C3L-06146,1.3.6.1.4.1.14519.5.2.1.1427.3273.306059699890895882075337614272,CT ABDPEL EXTERNAL IMAGING,08-22-2012,AP axial,SIEMENS,CT,CT Image Storage,1.2.840.10008.5.1.4.1.1.2,157,82.96 MB,.\CPTAC-PDA\C3L-06146\08-22-2012-NA-CT ABDPEL EXTERNAL IMAGING-14272\2.000000-AP axial-04622,2026-10-07T10:26:08.154
1.3.6.1.4.1.14519.5.2.1.1427.3273.517908633960659088238326022195,CPTAC-PDA,NO,https://doi.org/10.7937/K9/TCIA.2018.SC20FO18,C3L-06153,1.3.6.1.4.1.14519.5.2.1.1427.3273.234954617623115283859598768084,CT ABDPEL EXTERNAL IMAGING,08-03-2012,5 MIN DELAY,SIEMENS,CT,CT Image Storage,1.2.840.10008.5.1.4.1.1.2,85,44.86 MB,.\CPTAC-PDA\C3L-06153\08-03-2012-NA-CT ABDPEL EXTERNAL IMAGING-68084\8.000000-5 MIN DELAY-22195,2026-10-07T10:26:28.724
1.3.6.1.4.1.14519.5.2.1.7085.2626.157353981180179778996313840817,CPTAC-PDA,null,https://doi.org/10.7937/K9/TCIA.2018.SC20FO18,C3N-00198,1.3.6.1.4.1.14519.5.2.1.7085.2626.145914747236522315106121292628,CT CHEST WO IV CONTRAST,09-10-2009,ThoraxRoutine 3.0 B30f,SIEMENS,CT,CT Image Storage,1.2.840.10008.5.1.4.1.1.2,135,71.27 MB,.\CPTAC-PDA\C3N-00198\09-10-2009-NA-CT CHEST WO IV CONTRAST-92628\2.000000-ThoraxRoutine 3.0 B30f-40817,2026-10-07T10:27:43.039
1.3.6.1.4.1.14519.5.2.1.7085.2626.168480840630370295958226892277,CPTAC-PDA,null,https://doi.org/10.7937/K9/TCIA.2018.SC20FO18,C3N-00198,1.3.6.1.4.1.14519.5.2.1.7085.2626.822645453932810382886582736291,CT ABDOMEN W IV CONTRAST,08-31-2009,AbdPANC 2.0 B31f,SIEMENS,CT,CT Image Storage,1.2.840.10008.5.1.4.1.1.2,71,37.48 MB,.\CPTAC-PDA\C3N-00198\08-31-2009-NA-CT ABDOMEN W IV CONTRAST-36291\6.000000-AbdPANC 2.0 B31f-92277,2026-10-07T10:27:47.839
1.3.6.1.4.1.14519.5.2.1.7085.2626.326323848179109318675837563618,CPTAC-PDA,null,https://doi.org/10.7937/K9/TCIA.2018.SC20FO18,C3N-00198,1.3.6.1.4.1.14519.5.2.1.7085.2626.822645453932810382886582736291,CT ABDOMEN W IV CONTRAST,08-31-2009,ABDPANC 3.0 B60f,SIEMENS,CT,CT Image Storage,1.2.840.10008.5.1.4.1.1.2,72,38.01 MB,.\CPTAC-PDA\C3N-00198\08-31-2009-NA-CT ABDOMEN W IV CONTRAST-36291\9.000000-ABDPANC 3.0 B60f-63618,2026-10-07T10:30:49.827
1.3.6.1.4.1.14519.5.2.1.7085.2626.176520109931701354483419993926,CPTAC-PDA,null,https://doi.org/10.7937/K9/TCIA.2018.SC20FO18,C3N-00249,1.3.6.1.4.1.14519.5.2.1.7085.2626.300036405768886346261819580052,CT CHEST W IV CONTRAST,11-22-2009,CHEST  3.0  B40f,SIEMENS,CT,CT Image Storage,1.2.840.10008.5.1.4.1.1.2,102,53.85 MB,.\CPTAC-PDA\C3N-00249\11-22-2009-NA-CT CHEST W IV CONTRAST-80052\2.000000-CHEST  3.0  B40f-93926,2026-10-07T10:30:49.97
1.3.6.1.4.1.14519.5.2.1.7085.2626.119403521930927333027265674239,CPTAC-PDA,null,https://doi.org/10.7937/K9/TCIA.2018.SC20FO18,C3N-00198,1.3.6.1.4.1.14519.5.2.1.7085.2626.822645453932810382886582736291,CT ABDOMEN W IV CONTRAST,08-31-2009,ABDPANC 3.0 B31f,SIEMENS,CT,CT Image Storage,1.2.840.10008.5.1.4.1.1.2,204,107.69 MB,.\CPTAC-PDA\C3N-00198\08-31-2009-NA-CT ABDOMEN W IV CONTRAST-36291\8.000000-ABDPANC 3.0 B31f-74239,2026-10-07T10:30:58.098
1.3.6.1.4.1.14519.5.2.1.3320.3273.334080297451824209984217683983,CPTAC-PDA,null,https://doi.org/10.7937/K9/TCIA.2018.SC20FO18,C3N-00302,1.3.6.1.4.1.14519.5.2.1.3320.3273.253612125559406659861387502732,STANDARD Abdomen,10-19-1999,t1vibefstrap4bh320,SIEMENS,MR,MR Image Storage,1.2.840.10008.5.1.4.1.1.4,88,14.97 MB,.\CPTAC-PDA\C3N-00302\10-19-1999-NA-STANDARD Abdomen-02732\15.000000-t1vibefstrap4bh320-83983,2026-10-07T10:31:48.836
1.3.6.1.4.1.14519.5.2.1.3320.3273.169396042943646619133040889042,CPTAC-PDA,null,https://doi.org/10.7937/K9/TCIA.2018.SC20FO18,C3N-00302,1.3.6.1.4.1.14519.5.2.1.3320.3273.253612125559406659861387502732,STANDARD Abdomen,10-19-1999,t1vibefstrap4bhCM,SIEMENS,MR,MR Image Storage,1.2.840.10008.5.1.4.1.1.4,88,14.98 MB,.\CPTAC-PDA\C3N-00302\10-19-1999-NA-STANDARD Abdomen-02732\21.000000-t1vibefstrap4bhCM-89042,2026-10-07T10:31:50.116
1.3.6.1.4.1.14519.5.2.1.3320.3273.156537442467537046462107067735,CPTAC-PDA,null,https://doi.org/10.7937/K9/TCIA.2018.SC20FO18,C3N-00511,1.3.6.1.4.1.14519.5.2.1.3320.3273.151479431995256588843692891595,CT jamy brzusznej z kontrastem,02-25-2000,Tetnicza,GE MEDICAL SYSTEMS,CT,CT Image Storage,1.2.840.10008.5.1.4.1.1.2,123,65.05 MB,.\CPTAC-PDA\C3N-00511\02-25-2000-NA-CT jamy brzusznej z kontrastem-91595\3.000000-Tetnicza-67735,2026-10-07T10:33:10.066
1.3.6.1.4.1.14519.5.2.1.3320.3273.282256482624204671206350667660,CPTAC-PDA,null,https://doi.org/10.7937/K9/TCIA.2018.SC20FO18,C3N-00511,1.3.6.1.4.1.14519.5.2.1.3320.3273.151479431995256588843692891595,CT jamy brzusznej z kontrastem,02-25-2000,Zylna,GE MEDICAL SYSTEMS,CT,CT Image Storage,1.2.840.10008.5.1.4.1.1.2,169,89.37 MB,.\CPTAC-PDA\C3N-00511\02-25-2000-NA-CT jamy brzusznej z kontrastem-91595\5.000000-Zylna-67660,2026-10-07T10:38:58.316
1.3.6.1.4.1.14519.5.2.1.3320.3273.228476454931090952243913193877,CPTAC-PDA,null,https://doi.org/10.7937/K9/TCIA.2018.SC20FO18,C3N-00303,1.3.6.1.4.1.14519.5.2.1.3320.3273.104195637171680242918289513479,TK j.brzusznejmied malej BK i min 2 fazy ZK,10-23-1999,KONTRAST,GE MEDICAL SYSTEMS,CT,CT Image Storage,1.2.840.10008.5.1.4.1.1.2,256,135.32 MB,.\CPTAC-PDA\C3N-00303\10-23-1999-NA-TK j.brzusznejmied malej BK i min 2 fazy ZK-13479\3.000000-KONTRAST-93877,2026-10-07T10:39:15.533
1.3.6.1.4.1.14519.5.2.1.3320.3273.622361704528354865565321257701,CPTAC-PDA,null,https://doi.org/10.7937/K9/TCIA.2018.SC20FO18,C3N-00511,1.3.6.1.4.1.14519.5.2.1.3320.3273.151479431995256588843692891595,CT jamy brzusznej z kontrastem,02-25-2000,Zylna,GE MEDICAL SYSTEMS,CT,CT Image Storage,1.2.840.10008.5.1.4.1.1.2,62,32.79 MB,.\CPTAC-PDA\C3N-00511\02-25-2000-NA-CT jamy brzusznej z kontrastem-91595\4.000000-Zylna-57701,2026-10-07T10:40:34.025
1.3.6.1.4.1.14519.5.2.1.3320.3273.141851821243248390241693658626,CPTAC-PDA,null,https://doi.org/10.7937/K9/TCIA.2018.SC20FO18,C3N-00512,1.3.6.1.4.1.14519.5.2.1.3320.3273.880111599482912507984013021489,TOMOGRAFIA JAMY BRZUSZNEJ Z KONTRASTEM,01-12-2000,NA,Philips,CT,CT Image Storage,1.2.840.10008.5.1.4.1.1.2,309,162.95 MB,.\CPTAC-PDA\C3N-00512\01-12-2000-NA-TOMOGRAFIA JAMY BRZUSZNEJ Z KONTRASTEM-21489\5.000000-NA-58626,2026-10-07T10:46:04.598
1.3.6.1.4.1.14519.5.2.1.3320.3273.153402618197058722914565659447,CPTAC-PDA,null,https://doi.org/10.7937/K9/TCIA.2018.SC20FO18,C3N-00302,1.3.6.1.4.1.14519.5.2.1.3320.3273.187887287595062235569464754966,AbdomenKLPJBM Adult,10-19-1999,KLPJBM3D,SIEMENS,CT,CT Image Storage,1.2.840.10008.5.1.4.1.1.2,963,508.66 MB,.\CPTAC-PDA\C3N-00302\10-19-1999-NA-AbdomenKLPJBM Adult-54966\5.000000-KLPJBM3D-59447,2026-10-07T10:50:03.473
1.3.6.1.4.1.14519.5.2.1.3320.3273.278368140789985033169275679549,CPTAC-PDA,null,https://doi.org/10.7937/K9/TCIA.2018.SC20FO18,C3N-00513,1.3.6.1.4.1.14519.5.2.1.3320.3273.326475895352529292866632899138,BRZUCHC,02-19-2000,portal,Philips,CT,CT Image Storage,1.2.840.10008.5.1.4.1.1.2,399,210.39 MB,.\CPTAC-PDA\C3N-00513\02-19-2000-NA-BRZUCHC-99138\6.000000-portal-79549,2026-10-07T10:53:31.628
1.3.6.1.4.1.14519.5.2.1.3320.3273.106469189944635792258461922681,CPTAC-PDA,null,https://doi.org/10.7937/K9/TCIA.2018.SC20FO18,C3N-00514,1.3.6.1.4.1.14519.5.2.1.3320.3273.109496625597940499663404954799,MR - JB I PRZ. Z,03-08-2000,Ph1bh-MPh c Ax T1  LAVA,GE MEDICAL SYSTEMS,MR,MR Image Storage,1.2.840.10008.5.1.4.1.1.4,84,44.54 MB,.\CPTAC-PDA\C3N-00514\03-08-2000-NA-MR - JB I PRZ. Z-54799\901.000000-Ph1bh-MPh c Ax T1  LAVA-22681,2026-10-07T10:54:05.505
1.3.6.1.4.1.14519.5.2.1.3320.3273.120515428561127167859168819051,CPTAC-PDA,null,https://doi.org/10.7937/K9/TCIA.2018.SC20FO18,C3N-00514,1.3.6.1.4.1.14519.5.2.1.3320.3273.109496625597940499663404954799,MR - JB I PRZ. Z,03-08-2000,bh-MPh c Ax T1  LAVA,GE MEDICAL SYSTEMS,MR,MR Image Storage,1.2.840.10008.5.1.4.1.1.4,84,44.54 MB,.\CPTAC-PDA\C3N-00514\03-08-2000-NA-MR - JB I PRZ. Z-54799\900.000000-bh-MPh c Ax T1  LAVA-19051,2026-10-07T10:57:09.756
1.3.6.1.4.1.14519.5.2.1.3320.3273.252149503614876255926821119760,CPTAC-PDA,null,https://doi.org/10.7937/K9/TCIA.2018.SC20FO18,C3N-00512,1.3.6.1.4.1.14519.5.2.1.3320.3273.880111599482912507984013021489,TOMOGRAFIA JAMY BRZUSZNEJ Z KONTRASTEM,01-12-2000,NA,Philips,CT,CT Image Storage,1.2.840.10008.5.1.4.1.1.2,309,162.95 MB,.\CPTAC-PDA\C3N-00512\01-12-2000-NA-TOMOGRAFIA JAMY BRZUSZNEJ Z KONTRASTEM-21489\6.000000-NA-19760,2026-10-07T10:58:55.721
1.3.6.1.4.1.14519.5.2.1.3320.3273.840742147390892579015461325222,CPTAC-PDA,null,https://doi.org/10.7937/K9/TCIA.2018.SC20FO18,C3N-00513,1.3.6.1.4.1.14519.5.2.1.3320.3273.326475895352529292866632899138,BRZUCHC,02-19-2000,arterial,Philips,CT,CT Image Storage,1.2.840.10008.5.1.4.1.1.2,399,210.39 MB,.\CPTAC-PDA\C3N-00513\02-19-2000-NA-BRZUCHC-99138\5.000000-arterial-25222,2026-10-07T10:59:47.193
1.3.6.1.4.1.14519.5.2.1.3320.3273.332318135833806751334202027839,CPTAC-PDA,null,https://doi.org/10.7937/K9/TCIA.2018.SC20FO18,C3N-00514,1.3.6.1.4.1.14519.5.2.1.3320.3273.109496625597940499663404954799,MR - JB I PRZ. Z,03-08-2000,Ph3bh-MPh c Ax T1  LAVA,GE MEDICAL SYSTEMS,MR,MR Image Storage,1.2.840.10008.5.1.4.1.1.4,84,44.55 MB,.\CPTAC-PDA\C3N-00514\03-08-2000-NA-MR - JB I PRZ. Z-54799\903.000000-Ph3bh-MPh c Ax T1  LAVA-27839,2026-10-07T11:00:18.824
1.3.6.1.4.1.14519.5.2.1.7085.2626.308278074052431058516086858544,CPTAC-PDA,null,https://doi.org/10.7937/K9/TCIA.2018.SC20FO18,C3N-00957,1.3.6.1.4.1.14519.5.2.1.7085.2626.113027799164355058797475777770,PET CT WHOLE BODY NON REGISTRY INITIAL STAGING,03-13-2010,WBAC3D,GE MEDICAL SYSTEMS,PT,Positron Emission Tomography Image Storage,1.2.840.10008.5.1.4.1.1.128,299,11.86 MB,.\CPTAC-PDA\C3N-00957\03-13-2010-NA-PET CT WHOLE BODY NON REGISTRY INITIAL STAGING-77770\3.000000-WBAC3D-58544,2026-10-07T11:01:07.184
1.3.6.1.4.1.14519.5.2.1.3320.3273.180222264087483999098474711925,CPTAC-PDA,null,https://doi.org/10.7937/K9/TCIA.2018.SC20FO18,C3N-00514,1.3.6.1.4.1.14519.5.2.1.3320.3273.109496625597940499663404954799,MR - JB I PRZ. Z,03-08-2000,Ph2bh-MPh c Ax T1  LAVA,GE MEDICAL SYSTEMS,MR,MR Image Storage,1.2.840.10008.5.1.4.1.1.4,84,44.55 MB,.\CPTAC-PDA\C3N-00514\03-08-2000-NA-MR - JB I PRZ. Z-54799\902.000000-Ph2bh-MPh c Ax T1  LAVA-11925,2026-10-07T11:02:47.044
1.3.6.1.4.1.14519.5.2.1.7085.2626.844407029514937074618033906988,CPTAC-PDA,null,https://doi.org/10.7937/K9/TCIA.2018.SC20FO18,C3N-00957,1.3.6.1.4.1.14519.5.2.1.7085.2626.288556932699345417840865580178,CT ABDOMENPELVIS W IV CONTRAST,03-05-2010,PANCREAS Arterial  2.0  I40f  1,SIEMENS,CT,CT Image Storage,1.2.840.10008.5.1.4.1.1.2,129,68.18 MB,.\CPTAC-PDA\C3N-00957\03-05-2010-NA-CT ABDOMENPELVIS W IV CONTRAST-80178\4.000000-PANCREAS Arterial  2.0  I40f  1-06988,2026-10-07T11:05:52.028
1.3.6.1.4.1.14519.5.2.1.7085.2626.984361307626903829562789406767,CPTAC-PDA,null,https://doi.org/10.7937/K9/TCIA.2018.SC20FO18,C3N-00957,1.3.6.1.4.1.14519.5.2.1.7085.2626.288556932699345417840865580178,CT ABDOMENPELVIS W IV CONTRAST,03-05-2010,PANCREAS Venous 3.0  I40f  1,SIEMENS,CT,CT Image Storage,1.2.840.10008.5.1.4.1.1.2,145,76.64 MB,.\CPTAC-PDA\C3N-00957\03-05-2010-NA-CT ABDOMENPELVIS W IV CONTRAST-80178\8.000000-PANCREAS Venous 3.0  I40f  1-06767,2026-10-07T11:07:40.463
1.3.6.1.4.1.14519.5.2.1.3320.3273.104386655669578826656699930336,CPTAC-PDA,null,https://doi.org/10.7937/K9/TCIA.2018.SC20FO18,C3N-00518,1.3.6.1.4.1.14519.5.2.1.3320.3273.152280616270940957074825755505,AbdomenJAMABRZUSZNAWIELOFAZ Adult,02-23-2000,Contrast  3.0  B41s,SIEMENS,CT,CT Image Storage,1.2.840.10008.5.1.4.1.1.2,123,64.90 MB,.\CPTAC-PDA\C3N-00518\02-23-2000-NA-AbdomenJAMABRZUSZNAWIELOFAZ Adult-55505\9.000000-Contrast  3.0  B41s-30336,2026-10-07T11:07:53.038
1.3.6.1.4.1.14519.5.2.1.7085.2626.319367612228955396517986870880,CPTAC-PDA,NO,https://doi.org/10.7937/K9/TCIA.2018.SC20FO18,C3N-01012,1.3.6.1.4.1.14519.5.2.1.7085.2626.247955591179026174174582706962,NA,07-02-2011,NA,SIEMENS,CT,CT Image Storage,1.2.840.10008.5.1.4.1.1.2,127,67.01 MB,.\CPTAC-PDA\C3N-01012\07-02-2011-NA-NA-06962\2.000000-NA-70880,2026-10-07T11:08:14.026
1.3.6.1.4.1.14519.5.2.1.3320.3273.233973575227965710161496181391,CPTAC-PDA,null,https://doi.org/10.7937/K9/TCIA.2018.SC20FO18,C3N-01165,1.3.6.1.4.1.14519.5.2.1.3320.3273.171904689848389372373212057884,AbdomenJBRZUSZNA3FAZY Adult,04-27-2000,F. TETNICZA  5.0  B41s,SIEMENS,CT,CT Image Storage,1.2.840.10008.5.1.4.1.1.2,79,41.68 MB,.\CPTAC-PDA\C3N-01165\04-27-2000-NA-AbdomenJBRZUSZNA3FAZY Adult-57884\4.000000-F. TETNICZA  5.0  B41s-81391,2026-10-07T11:09:04.979
1.3.6.1.4.1.14519.5.2.1.3320.3273.246395466384301273536587915230,CPTAC-PDA,null,https://doi.org/10.7937/K9/TCIA.2018.SC20FO18,C3N-01165,1.3.6.1.4.1.14519.5.2.1.3320.3273.171904689848389372373212057884,AbdomenJBRZUSZNA3FAZY Adult,04-27-2000,F.ZYLNA  1.5  I41s  3,SIEMENS,CT,CT Image Storage,1.2.840.10008.5.1.4.1.1.2,326,172.00 MB,.\CPTAC-PDA\C3N-01165\04-27-2000-NA-AbdomenJBRZUSZNA3FAZY Adult-57884\7.000000-F.ZYLNA  1.5  I41s  3-15230,2026-10-07T11:12:06.769
1.3.6.1.4.1.14519.5.2.1.3320.3273.330551802279356159708868376454,CPTAC-PDA,null,https://doi.org/10.7937/K9/TCIA.2018.SC20FO18,C3N-01166,1.3.6.1.4.1.14519.5.2.1.3320.3273.596745801241198867454121634845,AbdomenBRZUCHBOLUSFAZATRZUSTKA Adult,03-23-2000,Abdomen K4  1.0  B20f,SIEMENS,CT,CT Image Storage,1.2.840.10008.5.1.4.1.1.2,403,212.81 MB,.\CPTAC-PDA\C3N-01166\03-23-2000-NA-AbdomenBRZUCHBOLUSFAZATRZUSTKA Adult-34845\13.000000-Abdomen K4  1.0  B20f-76454,2026-10-07T11:12:24.856
1.3.6.1.4.1.14519.5.2.1.3320.3273.257256432911691359657088977190,CPTAC-PDA,null,https://doi.org/10.7937/K9/TCIA.2018.SC20FO18,C3N-01167,1.3.6.1.4.1.14519.5.2.1.3320.3273.296603705380307731709741019444,AbdomenBRZUCHBOLUS Adult,04-19-2000,Abdomen K2  5.0  B30f,SIEMENS,CT,CT Image Storage,1.2.840.10008.5.1.4.1.1.2,25,13.20 MB,.\CPTAC-PDA\C3N-01167\04-19-2000-NA-AbdomenBRZUCHBOLUS Adult-19444\9.000000-Abdomen K2  5.0  B30f-77190,2026-10-07T11:12:37.308
1.3.6.1.4.1.14519.5.2.1.3320.3273.483334061780934084458569725002,CPTAC-PDA,null,https://doi.org/10.7937/K9/TCIA.2018.SC20FO18,C3N-01167,1.3.6.1.4.1.14519.5.2.1.3320.3273.296603705380307731709741019444,AbdomenBRZUCHBOLUS Adult,04-19-2000,Abdomen K3  1.0  B20f,SIEMENS,CT,CT Image Storage,1.2.840.10008.5.1.4.1.1.2,379,200.11 MB,.\CPTAC-PDA\C3N-01167\04-19-2000-NA-AbdomenBRZUCHBOLUS Adult-19444\12.000000-Abdomen K3  1.0  B20f-25002,2026-10-07T11:18:01.274
1.3.6.1.4.1.14519.5.2.1.3320.3273.138020348644744766204502731573,CPTAC-PDA,NO,https://doi.org/10.7937/K9/TCIA.2018.SC20FO18,C3N-01375,1.3.6.1.4.1.14519.5.2.1.3320.3273.271005846382066869742370915515,TK JAMA BRZUSZNA I MIE,04-05-2000,NA,GE MEDICAL SYSTEMS,CT,CT Image Storage,1.2.840.10008.5.1.4.1.1.2,507,268.01 MB,.\CPTAC-PDA\C3N-01375\04-05-2000-NA-TK JAMA BRZUSZNA I MIE-15515\3.000000-NA-31573,2026-10-07T11:27:19.977
1.3.6.1.4.1.14519.5.2.1.3320.3273.315343014986917666955782092061,CPTAC-PDA,null,https://doi.org/10.7937/K9/TCIA.2018.SC20FO18,C3N-01166,1.3.6.1.4.1.14519.5.2.1.3320.3273.596745801241198867454121634845,AbdomenBRZUCHBOLUSFAZATRZUSTKA Adult,03-23-2000,Abdomen K1  1.0  B20f,SIEMENS,CT,CT Image Storage,1.2.840.10008.5.1.4.1.1.2,400,211.22 MB,.\CPTAC-PDA\C3N-01166\03-23-2000-NA-AbdomenBRZUCHBOLUSFAZATRZUSTKA Adult-34845\7.000000-Abdomen K1  1.0  B20f-92061,2026-10-07T11:27:41.935
1.3.6.1.4.1.14519.5.2.1.3320.3273.145960701435993819838833134346,CPTAC-PDA,null,https://doi.org/10.7937/K9/TCIA.2018.SC20FO18,C3N-01167,1.3.6.1.4.1.14519.5.2.1.3320.3273.296603705380307731709741019444,AbdomenBRZUCHBOLUS Adult,04-19-2000,Abdomen K1  1.0  B20f,SIEMENS,CT,CT Image Storage,1.2.840.10008.5.1.4.1.1.2,376,198.53 MB,.\CPTAC-PDA\C3N-01167\04-19-2000-NA-AbdomenBRZUCHBOLUS Adult-19444\8.000000-Abdomen K1  1.0  B20f-34346,2026-10-07T11:28:47.651
1.3.6.1.4.1.14519.5.2.1.3320.3273.161956810284636741579538918315,CPTAC-PDA,null,https://doi.org/10.7937/K9/TCIA.2018.SC20FO18,C3N-01382,1.3.6.1.4.1.14519.5.2.1.3320.3273.321921581379809068219350851775,TK jamy brzusznej lub miednicy malej bez kontrastu i z kontraste,06-16-2000,Tk miekka 5.0 CE  I Faza,TOSHIBA,CT,CT Image Storage,1.2.840.10008.5.1.4.1.1.2,41,21.64 MB,.\CPTAC-PDA\C3N-01382\06-16-2000-NA-TK jamy brzusznej lub miednicy malej bez kontrastu i -51775\5.000000-Tk miekka 5.0 CE  I Faza-18315,2026-10-07T11:29:09.981
1.3.6.1.4.1.14519.5.2.1.3320.3273.217453510810313206247867914998,CPTAC-PDA,NO,https://doi.org/10.7937/K9/TCIA.2018.SC20FO18,C3N-01378,1.3.6.1.4.1.14519.5.2.1.3320.3273.196970582315023188725339201346,TK - BRZUCHA Z K,03-18-2000,NA,NA,CT,CT Image Storage,1.2.840.10008.5.1.4.1.1.2,248,131.07 MB,.\CPTAC-PDA\C3N-01378\03-18-2000-NA-TK - BRZUCHA Z K-01346\3.000000-NA-14998,2026-10-07T11:30:42.5
1.3.6.1.4.1.14519.5.2.1.3320.3273.195707059948805634576815747650,CPTAC-PDA,null,https://doi.org/10.7937/K9/TCIA.2018.SC20FO18,C3N-01381,1.3.6.1.4.1.14519.5.2.1.3320.3273.193851200941263260398416877900,TK jamy brzusznej,06-08-2000,C Tetnicza,GE MEDICAL SYSTEMS,CT,CT Image Storage,1.2.840.10008.5.1.4.1.1.2,171,90.41 MB,.\CPTAC-PDA\C3N-01381\06-08-2000-NA-TK jamy brzusznej-77900\3.000000-C Tetnicza-47650,2026-10-07T11:31:31.927
1.3.6.1.4.1.14519.5.2.1.7085.3273.215906601221545277718873447581,CPTAC-PDA,null,https://doi.org/10.7937/K9/TCIA.2018.SC20FO18,C3N-01502,1.3.6.1.4.1.14519.5.2.1.7085.3273.137639391346249294962362700058,NA,03-28-2010,NA,SIEMENS,CT,CT Image Storage,1.2.840.10008.5.1.4.1.1.2,156,82.43 MB,.\CPTAC-PDA\C3N-01502\03-28-2010-NA-NA-00058\2.000000-NA-47581,2026-10-07T11:34:27.527
1.3.6.1.4.1.14519.5.2.1.7085.3273.847383160311552771584875662207,CPTAC-PDA,null,https://doi.org/10.7937/K9/TCIA.2018.SC20FO18,C3N-01502,1.3.6.1.4.1.14519.5.2.1.7085.3273.610822423903305051758173009817,NA,04-08-2010,NA,SIEMENS,CT,CT Image Storage,1.2.840.10008.5.1.4.1.1.2,18,9.51 MB,.\CPTAC-PDA\C3N-01502\04-08-2010-NA-NA-09817\6.000000-NA-62207,2026-10-07T11:34:36.669
1.3.6.1.4.1.14519.5.2.1.7085.3273.137829939557468038740191221297,CPTAC-PDA,null,https://doi.org/10.7937/K9/TCIA.2018.SC20FO18,C3N-01502,1.3.6.1.4.1.14519.5.2.1.7085.3273.610822423903305051758173009817,NA,04-08-2010,NA,SIEMENS,CT,CT Image Storage,1.2.840.10008.5.1.4.1.1.2,96,50.73 MB,.\CPTAC-PDA\C3N-01502\04-08-2010-NA-NA-09817\2.000000-NA-21297,2026-10-07T11:34:53.929
1.3.6.1.4.1.14519.5.2.1.3320.3273.110290822146863901498359737736,CPTAC-PDA,NO,https://doi.org/10.7937/K9/TCIA.2018.SC20FO18,C3N-01714,1.3.6.1.4.1.14519.5.2.1.3320.3273.102996004314994631484895994498,BRZUCH,06-09-2000,NA,NA,CT,CT Image Storage,1.2.840.10008.5.1.4.1.1.2,252,133.19 MB,.\CPTAC-PDA\C3N-01714\06-09-2000-NA-BRZUCH-94498\3.000000-NA-37736,2026-10-07T11:41:27.565
1.3.6.1.4.1.14519.5.2.1.3320.3273.245149914988867630599932971060,CPTAC-PDA,NO,https://doi.org/10.7937/K9/TCIA.2018.SC20FO18,C3N-01715,1.3.6.1.4.1.14519.5.2.1.3320.3273.104561509015294562252961439140,TK JAMY BRZUSZNE,06-14-2000,NA,NA,CT,CT Image Storage,1.2.840.10008.5.1.4.1.1.2,391,206.70 MB,.\CPTAC-PDA\C3N-01715\06-14-2000-NA-TK JAMY BRZUSZNE-39140\3.000000-NA-71060,2026-10-07T11:48:02.846
1.3.6.1.4.1.14519.5.2.1.3320.3273.108021846744845521063228594517,CPTAC-PDA,NO,https://doi.org/10.7937/K9/TCIA.2018.SC20FO18,C3N-01716,1.3.6.1.4.1.14519.5.2.1.3320.3273.220147501395068438519119535008,MR- Cholangiografia,06-30-2000,NA,NA,MR,MR Image Storage,1.2.840.10008.5.1.4.1.1.4,80,10.96 MB,.\CPTAC-PDA\C3N-01716\06-30-2000-NA-MR- Cholangiografia-35008\5.000000-NA-94517,2026-10-07T11:48:25.73
1.3.6.1.4.1.14519.5.2.1.3320.3273.324947681040913255556526210003,CPTAC-PDA,null,https://doi.org/10.7937/K9/TCIA.2018.SC20FO18,C3N-01383,1.3.6.1.4.1.14519.5.2.1.3320.3273.175163519878951205692111413750,JB,06-13-2000,Vol. T miekka FC02,TOSHIBA,CT,CT Image Storage,1.2.840.10008.5.1.4.1.1.2,563,297.12 MB,.\CPTAC-PDA\C3N-01383\06-13-2000-NA-JB-13750\8.000000-Vol. T miekka FC02-10003,2026-10-07T11:54:12.794
1.3.6.1.4.1.14519.5.2.1.3320.3273.113048884602929016561678116664,CPTAC-PDA,NO,https://doi.org/10.7937/K9/TCIA.2018.SC20FO18,C3N-01716,1.3.6.1.4.1.14519.5.2.1.3320.3273.220147501395068438519119535008,MR- Cholangiografia,06-30-2000,NA,NA,MR,MR Image Storage,1.2.840.10008.5.1.4.1.1.4,80,42.42 MB,.\CPTAC-PDA\C3N-01716\06-30-2000-NA-MR- Cholangiografia-35008\9.000000-NA-16664,2026-10-07T11:54:40.402
1.3.6.1.4.1.14519.5.2.1.3320.3273.730326047537428350701016349143,CPTAC-PDA,NO,https://doi.org/10.7937/K9/TCIA.2018.SC20FO18,C3N-01716,1.3.6.1.4.1.14519.5.2.1.3320.3273.220147501395068438519119535008,MR- Cholangiografia,06-30-2000,NA,NA,MR,MR Image Storage,1.2.840.10008.5.1.4.1.1.4,62,32.87 MB,.\CPTAC-PDA\C3N-01716\06-30-2000-NA-MR- Cholangiografia-35008\7.000000-NA-49143,2026-10-07T11:54:50.449
1.3.6.1.4.1.14519.5.2.1.3320.3273.185344938582325951862009227733,CPTAC-PDA,null,https://doi.org/10.7937/K9/TCIA.2018.SC20FO18,C3N-01897,1.3.6.1.4.1.14519.5.2.1.3320.3273.226079818344521588000912426206,ABDOMENUPPER,08-04-2000,t1vibefsdynbhCM,NA,MR,MR Image Storage,1.2.840.10008.5.1.4.1.1.4,72,7.93 MB,.\CPTAC-PDA\C3N-01897\08-04-2000-NA-ABDOMENUPPER-26206\16.000000-t1vibefsdynbhCM-27733,2026-10-07T11:55:00.171
1.3.6.1.4.1.14519.5.2.1.3320.3273.138552366820905540962472467612,CPTAC-PDA,null,https://doi.org/10.7937/K9/TCIA.2018.SC20FO18,C3N-01897,1.3.6.1.4.1.14519.5.2.1.3320.3273.226079818344521588000912426206,ABDOMENUPPER,08-04-2000,t1vibefsdynbhCM,NA,MR,MR Image Storage,1.2.840.10008.5.1.4.1.1.4,72,7.93 MB,.\CPTAC-PDA\C3N-01897\08-04-2000-NA-ABDOMENUPPER-26206\15.000000-t1vibefsdynbhCM-67612,2026-10-07T11:55:08.527
1.3.6.1.4.1.14519.5.2.1.3320.3273.293277331935217948397162475119,CPTAC-PDA,null,https://doi.org/10.7937/K9/TCIA.2018.SC20FO18,C3N-01897,1.3.6.1.4.1.14519.5.2.1.3320.3273.226079818344521588000912426206,ABDOMENUPPER,08-04-2000,t1vibefsdynbhCM,NA,MR,MR Image Storage,1.2.840.10008.5.1.4.1.1.4,72,7.93 MB,.\CPTAC-PDA\C3N-01897\08-04-2000-NA-ABDOMENUPPER-26206\14.000000-t1vibefsdynbhCM-75119,2026-10-07T11:55:10.701
1.3.6.1.4.1.14519.5.2.1.3320.3273.101381320322557587934411099556,CPTAC-PDA,NO,https://doi.org/10.7937/K9/TCIA.2018.SC20FO18,C3N-01907,1.3.6.1.4.1.14519.5.2.1.3320.3273.321956066875102923936151587872,MR jamy brzusznej,08-03-2000,NA,NA,MR,MR Image Storage,1.2.840.10008.5.1.4.1.1.4,88,46.66 MB,.\CPTAC-PDA\C3N-01907\08-03-2000-NA-MR jamy brzusznej-87872\904.000000-NA-99556,2026-10-07T11:55:51.448
1.3.6.1.4.1.14519.5.2.1.3320.3273.253211092860446081335424785356,CPTAC-PDA,NO,https://doi.org/10.7937/K9/TCIA.2018.SC20FO18,C3N-01907,1.3.6.1.4.1.14519.5.2.1.3320.3273.321956066875102923936151587872,MR jamy brzusznej,08-03-2000,NA,NA,MR,MR Image Storage,1.2.840.10008.5.1.4.1.1.4,88,46.66 MB,.\CPTAC-PDA\C3N-01907\08-03-2000-NA-MR jamy brzusznej-87872\901.000000-NA-85356,2026-10-07T11:56:13.674
1.3.6.1.4.1.14519.5.2.1.3320.3273.631829865181369929683305202702,CPTAC-PDA,NO,https://doi.org/10.7937/K9/TCIA.2018.SC20FO18,C3N-01907,1.3.6.1.4.1.14519.5.2.1.3320.3273.321956066875102923936151587872,MR jamy brzusznej,08-03-2000,NA,NA,MR,MR Image Storage,1.2.840.10008.5.1.4.1.1.4,88,46.66 MB,.\CPTAC-PDA\C3N-01907\08-03-2000-NA-MR jamy brzusznej-87872\903.000000-NA-02702,2026-10-07T11:56:19.402
1.3.6.1.4.1.14519.5.2.1.7085.2626.169852148533165567779563772529,CPTAC-PDA,NO,https://doi.org/10.7937/K9/TCIA.2018.SC20FO18,C3N-02010,1.3.6.1.4.1.14519.5.2.1.7085.2626.156815958259983768004588793023,NA,05-01-2011,NA,SIEMENS,CT,CT Image Storage,1.2.840.10008.5.1.4.1.1.2,93,49.07 MB,.\CPTAC-PDA\C3N-02010\05-01-2011-NA-NA-93023\3.000000-NA-72529,2026-10-07T11:58:20.678
1.3.6.1.4.1.14519.5.2.1.7085.2626.305402916896082031199148327730,CPTAC-PDA,NO,https://doi.org/10.7937/K9/TCIA.2018.SC20FO18,C3N-02010,1.3.6.1.4.1.14519.5.2.1.7085.2626.239775328232376213426193104907,NA,06-16-2011,NA,SIEMENS,MR,MR Image Storage,1.2.840.10008.5.1.4.1.1.4,80,35.65 MB,.\CPTAC-PDA\C3N-02010\06-16-2011-NA-NA-04907\20.000000-NA-27730,2026-10-07T11:59:07.836
1.3.6.1.4.1.14519.5.2.1.3320.3273.339770538571561038864618129739,CPTAC-PDA,NO,https://doi.org/10.7937/K9/TCIA.2018.SC20FO18,C3N-02295,1.3.6.1.4.1.14519.5.2.1.3320.3273.267234490282037389463942780290,JKBrzuch,11-18-2000,NA,NA,MR,MR Image Storage,1.2.840.10008.5.1.4.1.1.4,80,9.80 MB,.\CPTAC-PDA\C3N-02295\11-18-2000-NA-JKBrzuch-80290\19.000000-NA-29739,2026-10-07T11:59:25.716
1.3.6.1.4.1.14519.5.2.1.3320.3273.505294832608627684670661779987,CPTAC-PDA,NO,https://doi.org/10.7937/K9/TCIA.2018.SC20FO18,C3N-02295,1.3.6.1.4.1.14519.5.2.1.3320.3273.267234490282037389463942780290,JKBrzuch,11-18-2000,NA,NA,MR,MR Image Storage,1.2.840.10008.5.1.4.1.1.4,80,9.80 MB,.\CPTAC-PDA\C3N-02295\11-18-2000-NA-JKBrzuch-80290\21.000000-NA-79987,2026-10-07T12:00:23.604
1.3.6.1.4.1.14519.5.2.1.3320.3273.879611076177009012361201941155,CPTAC-PDA,null,https://doi.org/10.7937/K9/TCIA.2018.SC20FO18,C3N-02592,1.3.6.1.4.1.14519.5.2.1.3320.3273.195032503893401601863702238054,TK- j. brzuszna z kontr.,11-09-2000,po iv tetnicza,NA,CT,CT Image Storage,1.2.840.10008.5.1.4.1.1.2,86,45.50 MB,.\CPTAC-PDA\C3N-02592\11-09-2000-NA-TK- j. brzuszna z kontr.-38054\3.000000-po iv tetnicza-41155,2026-10-07T12:02:31.553
1.3.6.1.4.1.14519.5.2.1.3320.3273.164182346769885913033455851378,CPTAC-PDA,NO,https://doi.org/10.7937/K9/TCIA.2018.SC20FO18,C3N-01907,1.3.6.1.4.1.14519.5.2.1.3320.3273.362178438870022946690238035345,TK jamy brzusznej z kontrastem,06-29-2000,NA,NA,CT,CT Image Storage,1.2.840.10008.5.1.4.1.1.2,308,162.90 MB,.\CPTAC-PDA\C3N-01907\06-29-2000-NA-TK jamy brzusznej z kontrastem-35345\4.000000-NA-51378,2026-10-07T12:02:54.328
1.3.6.1.4.1.14519.5.2.1.3320.3273.269419358721971772074878139271,CPTAC-PDA,NO,https://doi.org/10.7937/K9/TCIA.2018.SC20FO18,C3N-01715,1.3.6.1.4.1.14519.5.2.1.3320.3273.104561509015294562252961439140,TK JAMY BRZUSZNE,06-14-2000,NA,NA,CT,CT Image Storage,1.2.840.10008.5.1.4.1.1.2,391,206.70 MB,.\CPTAC-PDA\C3N-01715\06-14-2000-NA-TK JAMY BRZUSZNE-39140\5.000000-NA-39271,2026-10-07T12:07:16.395
1.3.6.1.4.1.14519.5.2.1.3320.3273.174816851149719539284148275909,CPTAC-PDA,NO,https://doi.org/10.7937/K9/TCIA.2018.SC20FO18,C3N-02697,1.3.6.1.4.1.14519.5.2.1.3320.3273.818317409128828648829797696670,J.BMM,11-02-2000,NA,NA,CT,CT Image Storage,1.2.840.10008.5.1.4.1.1.2,461,243.21 MB,.\CPTAC-PDA\C3N-02697\11-02-2000-NA-J.BMM-96670\6.000000-NA-75909,2026-10-07T12:08:39.907
1.3.6.1.4.1.14519.5.2.1.3320.3273.215174973430588575563119954464,CPTAC-PDA,NO,https://doi.org/10.7937/K9/TCIA.2018.SC20FO18,C3N-02697,1.3.6.1.4.1.14519.5.2.1.3320.3273.818317409128828648829797696670,J.BMM,11-02-2000,NA,NA,CT,CT Image Storage,1.2.840.10008.5.1.4.1.1.2,461,243.21 MB,.\CPTAC-PDA\C3N-02697\11-02-2000-NA-J.BMM-96670\5.000000-NA-54464,2026-10-07T12:09:21.909
1.3.6.1.4.1.14519.5.2.1.7085.2626.180954086578970008488722763048,CPTAC-PDA,null,https://doi.org/10.7937/K9/TCIA.2018.SC20FO18,C3N-02971,1.3.6.1.4.1.14519.5.2.1.7085.2626.256404623014926450440901790134,AbdomenDUALPHASEPANC Adult,02-07-2011,VENOUS  3.0  B30f,SIEMENS,CT,CT Image Storage,1.2.840.10008.5.1.4.1.1.2,147,77.59 MB,.\CPTAC-PDA\C3N-02971\02-07-2011-NA-AbdomenDUALPHASEPANC Adult-90134\8.000000-VENOUS  3.0  B30f-63048,2026-10-07T12:09:48.465
1.3.6.1.4.1.14519.5.2.1.3320.3273.468175099692200709154469327553,CPTAC-PDA,NO,https://doi.org/10.7937/K9/TCIA.2018.SC20FO18,C3N-02697,1.3.6.1.4.1.14519.5.2.1.3320.3273.818317409128828648829797696670,J.BMM,11-02-2000,NA,NA,CT,CT Image Storage,1.2.840.10008.5.1.4.1.1.2,461,243.21 MB,.\CPTAC-PDA\C3N-02697\11-02-2000-NA-J.BMM-96670\7.000000-NA-27553,2026-10-07T12:10:49.137
1.3.6.1.4.1.14519.5.2.1.7085.2626.193988406996778627662514586294,CPTAC-PDA,null,https://doi.org/10.7937/K9/TCIA.2018.SC20FO18,C3N-02971,1.3.6.1.4.1.14519.5.2.1.7085.2626.256404623014926450440901790134,AbdomenDUALPHASEPANC Adult,02-07-2011,ARTERIAL  2.0  B30f,SIEMENS,CT,CT Image Storage,1.2.840.10008.5.1.4.1.1.2,201,106.10 MB,.\CPTAC-PDA\C3N-02971\02-07-2011-NA-AbdomenDUALPHASEPANC Adult-90134\4.000000-ARTERIAL  2.0  B30f-86294,2026-10-07T12:11:26.373
1.3.6.1.4.1.14519.5.2.1.3320.3273.224918878597818913789693986875,CPTAC-PDA,null,https://doi.org/10.7937/K9/TCIA.2018.SC20FO18,C3N-02997,1.3.6.1.4.1.14519.5.2.1.3320.3273.250235972134537059608569744179,TK JAMY BRZUSZNEJ I MIEDNICY MNIEJSZEJ,12-07-2000,NA,NA,CT,CT Image Storage,1.2.840.10008.5.1.4.1.1.2,252,133.02 MB,.\CPTAC-PDA\C3N-02997\12-07-2000-NA-TK JAMY BRZUSZNEJ I MIEDNICY MNIEJSZEJ-44179\5.000000-NA-86875,2026-10-07T12:13:34.15
1.3.6.1.4.1.14519.5.2.1.3320.3273.156629118601455329618966384795,CPTAC-PDA,null,https://doi.org/10.7937/K9/TCIA.2018.SC20FO18,C3N-02998,1.3.6.1.4.1.14519.5.2.1.3320.3273.206827259103977952921234516451,TK J. BRZ. I M.M,01-27-2001,NA,NA,CT,CT Image Storage,1.2.840.10008.5.1.4.1.1.2,261,137.95 MB,.\CPTAC-PDA\C3N-02998\01-27-2001-NA-TK J. BRZ. I M.M-16451\3.000000-NA-84795,2026-10-07T12:13:51.334
1.3.6.1.4.1.14519.5.2.1.3320.3273.303648383428686618806033631306,CPTAC-PDA,null,https://doi.org/10.7937/K9/TCIA.2018.SC20FO18,C3N-02997,1.3.6.1.4.1.14519.5.2.1.3320.3273.250235972134537059608569744179,TK JAMY BRZUSZNEJ I MIEDNICY MNIEJSZEJ,12-07-2000,NA,NA,CT,CT Image Storage,1.2.840.10008.5.1.4.1.1.2,450,237.54 MB,.\CPTAC-PDA\C3N-02997\12-07-2000-NA-TK JAMY BRZUSZNEJ I MIEDNICY MNIEJSZEJ-44179\6.000000-NA-31306,2026-10-07T12:15:56.102
1.3.6.1.4.1.14519.5.2.1.3320.3273.312745181230815989506660421240,CPTAC-PDA,NO,https://doi.org/10.7937/K9/TCIA.2018.SC20FO18,C3N-03007,1.3.6.1.4.1.14519.5.2.1.3320.3273.884650493874959895788772606875,TK klatki piersiowej,03-15-2001,NA,NA,CT,CT Image Storage,1.2.840.10008.5.1.4.1.1.2,130,68.73 MB,.\CPTAC-PDA\C3N-03007\03-15-2001-NA-TK klatki piersiowej-06875\4.000000-NA-21240,2026-10-07T12:17:17.532
1.3.6.1.4.1.14519.5.2.1.3320.3273.196417877619052164562718180743,CPTAC-PDA,null,https://doi.org/10.7937/K9/TCIA.2018.SC20FO18,C3N-03000,1.3.6.1.4.1.14519.5.2.1.3320.3273.331834025250128631181132225403,BRZUCHC,02-07-2001,TT. F.,NA,CT,CT Image Storage,1.2.840.10008.5.1.4.1.1.2,474,249.92 MB,.\CPTAC-PDA\C3N-03000\02-07-2001-NA-BRZUCHC-25403\4.000000-TT. F.-80743,2026-10-07T12:17:56.932
1.3.6.1.4.1.14519.5.2.1.3320.3273.471609201373266751707469025337,CPTAC-PDA,NO,https://doi.org/10.7937/K9/TCIA.2018.SC20FO18,C3N-03007,1.3.6.1.4.1.14519.5.2.1.3320.3273.884650493874959895788772606875,TK klatki piersiowej,03-15-2001,NA,NA,CT,CT Image Storage,1.2.840.10008.5.1.4.1.1.2,130,68.73 MB,.\CPTAC-PDA\C3N-03007\03-15-2001-NA-TK klatki piersiowej-06875\5.000000-NA-25337,2026-10-07T12:18:23.804
1.3.6.1.4.1.14519.5.2.1.3320.3273.270308021700086486167377365904,CPTAC-PDA,NO,https://doi.org/10.7937/K9/TCIA.2018.SC20FO18,C3N-03426,1.3.6.1.4.1.14519.5.2.1.3320.3273.208030984127887223525542073815,TK jamy brzusznej,04-11-2001,NA,NA,CT,CT Image Storage,1.2.840.10008.5.1.4.1.1.2,160,84.61 MB,.\CPTAC-PDA\C3N-03426\04-11-2001-NA-TK jamy brzusznej-73815\4.000000-NA-65904,2026-10-07T12:20:08.98
1.3.6.1.4.1.14519.5.2.1.3320.3273.181890433388041338517707398823,CPTAC-PDA,null,https://doi.org/10.7937/K9/TCIA.2018.SC20FO18,C3N-03000,1.3.6.1.4.1.14519.5.2.1.3320.3273.331834025250128631181132225403,BRZUCHC,02-07-2001,ZYLNA F.,NA,CT,CT Image Storage,1.2.840.10008.5.1.4.1.1.2,495,260.99 MB,.\CPTAC-PDA\C3N-03000\02-07-2001-NA-BRZUCHC-25403\5.000000-ZYLNA F.-98823,2026-10-07T12:23:52.015
1.3.6.1.4.1.14519.5.2.1.3320.3273.191010445987959156649751088418,CPTAC-PDA,NO,https://doi.org/10.7937/K9/TCIA.2018.SC20FO18,C3N-03430,1.3.6.1.4.1.14519.5.2.1.3320.3273.182914658781883148861157582221,Tomografia komputerowa jamy brzusznej z kontrastem,03-08-2001,NA,NA,CT,CT Image Storage,1.2.840.10008.5.1.4.1.1.2,448,236.39 MB,.\CPTAC-PDA\C3N-03430\03-08-2001-NA-Tomografia komputerowa jamy brzusznej z kontrastem-82221\601.000000-NA-88418,2026-10-07T12:25:46.549
1.3.6.1.4.1.14519.5.2.1.3320.3273.279093753005564478225461091080,CPTAC-PDA,NO,https://doi.org/10.7937/K9/TCIA.2018.SC20FO18,C3N-03430,1.3.6.1.4.1.14519.5.2.1.3320.3273.182914658781883148861157582221,Tomografia komputerowa jamy brzusznej z kontrastem,03-08-2001,NA,NA,CT,CT Image Storage,1.2.840.10008.5.1.4.1.1.2,448,236.39 MB,.\CPTAC-PDA\C3N-03430\03-08-2001-NA-Tomografia komputerowa jamy brzusznej z kontrastem-82221\801.000000-NA-91080,2026-10-07T12:29:30.396
1.3.6.1.4.1.14519.5.2.1.3320.3273.813352894380297807495245476041,CPTAC-PDA,NO,https://doi.org/10.7937/K9/TCIA.2018.SC20FO18,C3N-03430,1.3.6.1.4.1.14519.5.2.1.3320.3273.319822341942234893067347608211,AbdomenBRZUCHMIEDNICA Adult,04-07-2001,NA,NA,CT,CT Image Storage,1.2.840.10008.5.1.4.1.1.2,197,104.08 MB,.\CPTAC-PDA\C3N-03430\04-07-2001-NA-AbdomenBRZUCHMIEDNICA Adult-08211\11.000000-NA-76041,2026-10-07T12:43:29.043
1.3.6.1.4.1.14519.5.2.1.3320.3273.167987214168402313606475396280,CPTAC-PDA,NO,https://doi.org/10.7937/K9/TCIA.2018.SC20FO18,C3N-03670,1.3.6.1.4.1.14519.5.2.1.3320.3273.258713601059756020634161006514,TK - jama brzuszna z kontrastem,05-01-2001,NA,NA,CT,CT Image Storage,1.2.840.10008.5.1.4.1.1.2,136,71.82 MB,.\CPTAC-PDA\C3N-03670\05-01-2001-NA-TK - jama brzuszna z kontrastem-06514\4.000000-NA-96280,2026-10-07T12:44:17.429
1.3.6.1.4.1.14519.5.2.1.3320.3273.328001089665359780360753228140,CPTAC-PDA,NO,https://doi.org/10.7937/K9/TCIA.2018.SC20FO18,C3N-03670,1.3.6.1.4.1.14519.5.2.1.3320.3273.258713601059756020634161006514,TK - jama brzuszna z kontrastem,05-01-2001,NA,NA,CT,CT Image Storage,1.2.840.10008.5.1.4.1.1.2,92,48.59 MB,.\CPTAC-PDA\C3N-03670\05-01-2001-NA-TK - jama brzuszna z kontrastem-06514\6.000000-NA-28140,2026-10-07T12:44:55.285
1.3.6.1.4.1.14519.5.2.1.3320.3273.189834801503144065781897209550,CPTAC-PDA,NO,https://doi.org/10.7937/K9/TCIA.2018.SC20FO18,C3N-03430,1.3.6.1.4.1.14519.5.2.1.3320.3273.319822341942234893067347608211,AbdomenBRZUCHMIEDNICA Adult,04-07-2001,NA,NA,CT,CT Image Storage,1.2.840.10008.5.1.4.1.1.2,197,104.08 MB,.\CPTAC-PDA\C3N-03430\04-07-2001-NA-AbdomenBRZUCHMIEDNICA Adult-08211\9.000000-NA-09550,2026-10-07T12:45:36.026
1.3.6.1.4.1.14519.5.2.1.3320.3273.287159109345346317839982207085,CPTAC-PDA,NO,https://doi.org/10.7937/K9/TCIA.2018.SC20FO18,C3N-03754,1.3.6.1.4.1.14519.5.2.1.3320.3273.262326600457783095735412174962,BRZUCH TRZUSTKA,01-16-2002,NA,NA,CT,CT Image Storage,1.2.840.10008.5.1.4.1.1.2,656,346.82 MB,.\CPTAC-PDA\C3N-03754\01-16-2002-NA-BRZUCH TRZUSTKA-74962\3.000000-NA-07085,2026-10-07T12:50:53.479
1.3.6.1.4.1.14519.5.2.1.1078.3273.114687361666119786109153935110,CPTAC-PDA,null,https://doi.org/10.7937/K9/TCIA.2018.SC20FO18,C3L-02115,1.3.6.1.4.1.14519.5.2.1.1078.3273.579950355873141726715743328300,CT ABDOMEN NONENH  ENHANCEDAB,01-11-2004,THINS ARTERIAL ABDOMEN,GE MEDICAL SYSTEMS,CT,CT Image Storage,1.2.840.10008.5.1.4.1.1.2,346,183.11 MB,.\CPTAC-PDA\C3L-02115\01-11-2004-NA-CT ABDOMEN NONENH  ENHANCEDAB-28300\4.000000-THINS ARTERIAL ABDOMEN-35110,2026-10-07T12:55:08.045
1.3.6.1.4.1.14519.5.2.1.1078.3273.244342103817398379684259565714,CPTAC-PDA,null,https://doi.org/10.7937/K9/TCIA.2018.SC20FO18,C3L-02115,1.3.6.1.4.1.14519.5.2.1.1078.3273.579950355873141726715743328300,CT ABDOMEN NONENH  ENHANCEDAB,01-11-2004,1.25 STD CHEST,GE MEDICAL SYSTEMS,CT,CT Image Storage,1.2.840.10008.5.1.4.1.1.2,490,259.31 MB,.\CPTAC-PDA\C3L-02115\01-11-2004-NA-CT ABDOMEN NONENH  ENHANCEDAB-28300\14.000000-1.25 STD CHEST-65714,2026-10-07T12:56:48.185
1.3.6.1.4.1.14519.5.2.1.3320.3273.721751859365312700769114698473,CPTAC-PDA,NO,https://doi.org/10.7937/K9/TCIA.2018.SC20FO18,C3N-03430,1.3.6.1.4.1.14519.5.2.1.3320.3273.182914658781883148861157582221,Tomografia komputerowa jamy brzusznej z kontrastem,03-08-2001,NA,NA,CT,CT Image Storage,1.2.840.10008.5.1.4.1.1.2,235,124.00 MB,.\CPTAC-PDA\C3N-03430\03-08-2001-NA-Tomografia komputerowa jamy brzusznej z kontrastem-82221\701.000000-NA-98473,2026-10-07T13:09:25.793
1.3.6.1.4.1.14519.5.2.1.3320.3273.308874927363811008306491073183,CPTAC-PDA,NO,https://doi.org/10.7937/K9/TCIA.2018.SC20FO18,C3N-03430,1.3.6.1.4.1.14519.5.2.1.3320.3273.319822341942234893067347608211,AbdomenBRZUCHMIEDNICA Adult,04-07-2001,NA,NA,CT,CT Image Storage,1.2.840.10008.5.1.4.1.1.2,197,104.08 MB,.\CPTAC-PDA\C3N-03430\04-07-2001-NA-AbdomenBRZUCHMIEDNICA Adult-08211\7.000000-NA-73183,2026-10-07T13:12:31.604
