covariate,coef,exp(coef),hazard_ratio,se(coef),coef lower 95%,coef upper 95%,ci_lower,ci_upper,z,p,significant_p_lt_0.05
Age_years,0.004391403905739849,1.004401060249666,1.004401060249666,0.01036904158951725,-0.015931544163911914,0.024714351975391614,0.9841946916197587,1.0250222831118554,0.4235110707029481,0.6719224230776255,False
Sex_male,-0.4487674445107403,0.6384145482393377,0.6384145482393377,0.20470085329705628,-0.8499737445775878,-0.04756114444389281,0.4274261540556302,0.9535521669331245,-2.1923086166109003,0.028357230002247116,True
Race_black or african american,-0.3912400094339313,0.6762178379006373,0.6762178379006373,0.9958852562367118,-2.34313924439233,1.5606592255244671,0.0960257163835337,4.761959415836489,-0.3928565133219901,0.6944254618246157,False
Race_other,0.108885376812715,1.115034534203998,1.115034534203998,0.2960296001623397,-0.4713219778632634,0.6890927314886934,0.6241765750139034,1.9919075182208372,0.367819220621868,0.7130080362239035,False
Race_white,0.043982975805164276,1.0449645650566635,1.0449645650566635,0.26806071007113974,-0.4814063616045029,0.5693723132148315,0.6179137702469183,1.7671574818404168,0.16407841266066847,0.869669415688636,False
Ethnicity_hispanic or latino,-0.03197267759248333,0.9685330443722209,0.9685330443722209,3.1130982513316803,-6.133533130537198,6.069587775352232,0.0021689043852133657,432.5023566903995,-0.010270372153788105,0.9918055726838215,False
Ethnicity_not hispanic or latino,-0.3687403129698181,0.6916049879777089,0.6916049879777089,0.31851774886098466,-0.9930236291741219,0.2555430032344857,0.3704548777270169,1.291162535989369,-1.1576758729723184,0.24699633346839867,False
Tumor Grade_G2,-0.4437788115951917,0.641607321233276,0.641607321233276,0.3044168637620854,-1.0404249008555153,0.15286727766513197,0.3533045306639958,1.1651703245539253,-1.4577996964781281,0.14489576198247647,False
Tumor Grade_G3,0.41490501028944127,1.5142268978856128,1.5142268978856128,0.33269270505167364,-0.23716070953104595,1.0669707301099285,0.7888644997860246,2.906561391597947,1.2471118362063227,0.2123564935645185,False
Tumor Grade_G4,1.4785680352836794,4.386659639471886,4.386659639471886,1.0978749834016597,-0.6732273917110831,3.630363462278442,0.5100597558923463,37.726526294760305,1.34675446443135,0.17805932464995294,False
AJCC Pathologic Stage_Stage IA,-0.24905757482159457,0.7795350904988886,0.7795350904988886,0.8879798091865493,-1.9894660198259806,1.4913508701827913,0.13676843758437335,4.443093509379542,-0.280476619226003,0.779111861032885,False
AJCC Pathologic Stage_Stage IB,-0.3264474191502991,0.7214823102041873,0.7214823102041873,0.5195381248586498,-1.3447234324687265,0.6918285941681284,0.2606117746489848,1.9973645651224952,-0.6283416048420226,0.5297801822357151,False
AJCC Pathologic Stage_Stage IIA,-0.0591425909625983,0.9425723572746253,0.9425723572746253,0.5078045195141289,-1.054421160396958,0.9361359784717613,0.34839403321571494,2.550108681534587,-0.1164672402269802,0.9072822478863021,False
AJCC Pathologic Stage_Stage IIB,-0.06173886654616084,0.9401283537039375,0.9401283537039375,0.3673905408546749,-0.781811094882015,0.6583333617896932,0.4575765458712899,1.9315704211961258,-0.16804696822769394,0.8665463291371798,False
AJCC Pathologic Stage_Stage III,0.16813040350635608,1.1830908797880362,1.1830908797880362,0.3899175928856217,-0.5960940354880137,0.9323548425007259,0.5509594668129497,2.5404845803526737,0.43119471030299317,0.6663267998182814,False
AJCC Pathologic Stage_Stage IIIB,-1.5462463130073745,0.21304618346262946,0.21304618346262946,2.0134301213714503,-5.492496836283527,2.4000042102687775,0.004117550479331637,11.023222791274646,-0.7679662167536001,0.4425072558671821,False
AJCC Pathologic Stage_Stage IV,0.3954344962805732,1.4850292904673388,1.4850292904673388,0.6559751870393775,-0.8902532450685325,1.6811222376296788,0.4105517693752909,5.371580779938186,0.6028192896522405,0.5466289129010435,False
AJCC Pathologic Stage_Unknown,0.9045878849007578,2.4709134124738914,2.4709134124738914,1.427999062864709,-1.8942388482710202,3.703414618072536,0.15043279366167872,40.58565252516921,0.6334653211088697,0.5264298202071316,False
AJCC Pathologic T_T1a,1.0835283479687636,2.955087756265172,2.955087756265172,1.285997993103136,-1.4369814027041719,3.6040380986416993,0.23764402869526519,36.746320516330805,0.8425583506193431,0.39947549276684235,False
AJCC Pathologic T_T1c,-0.4131084292078667,0.6615905432000518,0.6615905432000518,0.9050188961000952,-2.1869128708922507,1.360696012476517,0.11226278392264154,3.8989060448861927,-0.45646387162525814,0.6480564449206431,False
AJCC Pathologic T_T2,-0.04043834871100547,0.9603683706342865,0.9603683706342865,0.3892499785189414,-0.8033542875911203,0.7224775901691093,0.44782431047983334,2.0595295649012964,-0.103887863693325,0.9172583383601761,False
AJCC Pathologic T_T3,-0.14435360065950933,0.8655816237065064,0.8655816237065064,0.37311592067635097,-0.8756473672436609,0.5869401659246423,0.4165922441931699,1.798476946563077,-0.3868867358911893,0.6988400612154573,False
AJCC Pathologic T_T4,0.05022035640405307,1.0515027762196376,1.0515027762196376,0.627188864040424,-1.1790472286197664,1.2794879414278726,0.3075716445030472,3.5947985068131048,0.08007214299139125,0.9361798782619406,False
AJCC Pathologic T_TX,-0.5018214856500228,0.6054268783857698,0.6054268783857698,0.839156400277373,-2.1465378075899513,1.1428948362899058,0.11688814728159137,3.135832961651059,-0.5980071003261749,0.5498351954123312,False
AJCC Pathologic T_Unknown,0.9045878849007578,2.4709134124738914,2.4709134124738914,1.4279990628647088,-1.8942388482710202,3.703414618072536,0.15043279366167872,40.58565252516921,0.6334653211088698,0.5264298202071316,False
AJCC Pathologic N_N1,-0.15787038248895635,0.8539604630249722,0.8539604630249722,0.35738504147768013,-0.8583321923985628,0.5425914274206501,0.42386842411265674,1.7204595363206474,-0.44173752162712127,0.6586791544937325,False
AJCC Pathologic N_N2,0.2769105985619007,1.3190484409359349,1.3190484409359349,0.4240371749675982,-0.5541869924807011,1.1080081896045026,0.5745391760383298,3.028320542965804,0.6530337784253473,0.5137345023652864,False
AJCC Pathologic N_NX,0.6453253578794347,1.9066072580626874,1.9066072580626874,0.713414665423972,-0.7529416923942431,2.0435924081531125,0.47097903746766295,7.718286690725392,0.904558581643296,0.3656992860855567,False
AJCC Pathologic N_Unknown,0.19949959780053453,1.2207917184291164,1.2207917184291164,1.1442491087586057,-2.043187444708388,2.4421866403094574,0.12961491138384604,11.498155604732808,0.1743497952268203,0.8615905675314836,False
AJCC Pathologic M_M1,0.38641260845557757,1.4716917780289638,1.4716917780289638,0.6690997968527557,-0.9249988954388902,1.6978241123500455,0.3965318570684191,5.462049645974206,0.5775111728820519,0.5635941931978885,False
AJCC Pathologic M_M1b,3.4857950330782583,32.64837333119027,32.64837333119027,1.2693631143041462,0.9978890457385319,5.973701020417985,2.7125497120957074,392.9573258767128,2.746097624704607,0.006030881466208017,True
AJCC Pathologic M_MX,0.14049176847312714,1.1508396063587123,1.1508396063587123,0.2886007027738559,-0.42515521487657926,0.7061387518228336,0.6536683182081287,2.0261526567395536,0.48680327914244487,0.626397746324235,False
