survival_time_days,survival_event,cox_risk_score,risk_group
376.0,1.0,0.8702362321858071,Low risk
271.0,0.0,0.9482621615119946,High risk
1189.0,1.0,0.9453549781796924,High risk
1142.0,1.0,0.7825919021754463,Low risk
398.0,1.0,0.5908347716619706,Low risk
427.0,1.0,1.1799047634202,High risk
91.0,1.0,1.2602638999940272,High risk
831.0,1.0,0.4653379383614415,Low risk
3.0,0.0,0.41686466980071507,Low risk
701.0,1.0,0.5399956230156351,Low risk
1007.0,1.0,1.237829743130876,High risk
913.0,1.0,0.643711801699893,Low risk
286.0,1.0,1.0603930027833772,High risk
487.0,1.0,4.007944132499967,High risk
344.0,1.0,0.5193905867764582,Low risk
715.0,1.0,0.5631437673308675,Low risk
1006.0,1.0,0.4438298768636676,Low risk
754.0,1.0,0.8088216634902033,Low risk
279.0,1.0,1.0514171677395359,High risk
893.0,1.0,1.1172467992382251,High risk
1.0,1.0,3.5378602167886095,High risk
143.0,1.0,0.7871970439639032,Low risk
860.0,1.0,1.1505248343876169,High risk
303.0,1.0,2.8176837096164724,High risk
109.0,1.0,4.035324401413804,High risk
287.0,1.0,1.4333636474855835,High risk
594.0,1.0,0.51587443366312,Low risk
1695.0,0.0,0.6235738882857608,Low risk
323.0,1.0,2.6163213691437472,High risk
371.0,1.0,2.6023430102067913,High risk
560.0,1.0,0.5575864554936462,Low risk
596.0,1.0,0.8338144430989671,Low risk
211.0,1.0,1.6377429299617403,High risk
5.0,0.0,0.6543374424233707,Low risk
415.0,1.0,0.7527377770015559,Low risk
1189.0,0.0,0.4764128127139408,Low risk
760.0,1.0,0.5508678239101699,Low risk
290.0,1.0,1.7825060529419416,High risk
430.0,1.0,1.3028627035264864,High risk
399.0,0.0,0.375543437965254,Low risk
1198.0,1.0,0.6720063701786962,Low risk
479.0,0.0,1.483925508402546,High risk
1824.0,0.0,0.34679896117995757,Low risk
186.0,1.0,0.5494853360826812,Low risk
610.0,1.0,0.575727334655372,Low risk
743.0,1.0,0.9604568471221578,High risk
1592.0,0.0,0.37400381814555494,Low risk
1874.0,1.0,0.47989476435257233,Low risk
118.0,1.0,1.0384354431905043,High risk
398.0,1.0,0.7008281329270729,Low risk
761.0,1.0,0.8040730148520492,Low risk
764.0,1.0,2.373099620221415,High risk
393.0,1.0,1.4771220494038808,High risk
594.0,0.0,0.5954972468801079,Low risk
196.0,1.0,1.9916958960341522,High risk
58.0,1.0,1.0314344523322616,High risk
358.0,1.0,2.6427744355568783,High risk
609.0,0.0,0.8313291089065659,Low risk
1262.0,1.0,0.8111606915665355,Low risk
190.0,1.0,0.6577704298420521,Low risk
435.0,1.0,0.4863187565048396,Low risk
225.0,1.0,0.9660076829140004,High risk
1752.0,0.0,0.36219171958077606,Low risk
1041.0,1.0,0.8430792372291055,Low risk
455.0,1.0,0.8768205031191926,Low risk
1798.0,0.0,0.4753111621799316,Low risk
791.0,1.0,1.0334860664101522,High risk
599.0,1.0,1.4605593100878973,High risk
249.0,1.0,0.83427402677899,Low risk
1777.0,0.0,0.802874590184218,Low risk
32.0,0.0,0.7297404754731129,Low risk
335.0,1.0,3.0587362978029438,High risk
550.0,0.0,0.5037861219765268,Low risk
1152.0,1.0,1.3803229972386337,High risk
1082.0,1.0,1.0488922692330134,High risk
613.0,1.0,0.7426950708614329,Low risk
603.0,1.0,0.8322979356501653,Low risk
400.0,1.0,1.1435814138668614,High risk
1590.0,1.0,0.34846288803758596,Low risk
246.0,1.0,1.2905314444248457,High risk
123.0,1.0,8.598359474639736,High risk
1068.0,0.0,0.5603274585927459,Low risk
680.0,1.0,1.5802653942116287,High risk
1170.0,1.0,0.9555076459705171,High risk
422.0,1.0,0.7554032359132389,Low risk
740.0,0.0,0.3866408690070718,Low risk
718.0,1.0,2.168827954471961,High risk
20.0,1.0,0.9097530123501086,Low risk
305.0,1.0,0.570873447089998,Low risk
1035.0,1.0,0.5340675339537113,Low risk
68.0,1.0,0.5332135939631655,Low risk
286.0,1.0,7.676101040458423,High risk
635.0,1.0,1.0944282359436521,High risk
276.0,1.0,1.0880536537218846,High risk
11.0,1.0,1.1425979560653596,High risk
20.0,1.0,25.43538109296188,High risk
632.0,1.0,0.7415868175809838,Low risk
300.0,1.0,3.240698624182824,High risk
1858.0,0.0,0.7782176325651577,Low risk
261.0,0.0,1.3311160631567256,High risk
369.0,0.0,0.9614735720128368,High risk
348.0,1.0,2.1657004166722755,High risk
394.0,1.0,1.1471583254648576,High risk
1209.0,1.0,1.0459451805544813,High risk
547.0,1.0,2.1379755821650797,High risk
449.0,0.0,1.790826613719782,High risk
78.0,0.0,0.640583249551081,Low risk
20.0,1.0,1.3402298489046478,High risk
243.0,1.0,1.1054587743183846,High risk
440.0,1.0,1.0952578865669227,High risk
8.0,1.0,4.175305420241186,High risk
1065.0,1.0,0.7951759993046814,Low risk
1481.0,1.0,0.845016383146519,Low risk
1533.0,1.0,1.0347010628277098,High risk
288.0,1.0,1.0365157181786206,High risk
991.0,1.0,0.7027360711102774,Low risk
732.0,1.0,1.643699395242833,High risk
1352.0,1.0,0.8932513084657479,Low risk
88.0,1.0,1.1932965206605164,High risk
650.0,1.0,1.4909177069309776,High risk
1590.0,1.0,1.2401684924808742,High risk
426.0,0.0,0.46654976731826914,Low risk
294.0,1.0,0.7631810554776973,Low risk
240.0,0.0,0.5602395479571463,Low risk
971.0,1.0,1.7355483706016366,High risk
1036.0,1.0,0.9215257169859116,High risk
811.0,1.0,1.5710818444604193,High risk
458.0,1.0,0.5657645378764047,Low risk
191.0,1.0,0.859422607426509,Low risk
139.0,1.0,2.1917755524448785,High risk
70.0,1.0,1.8067149147331032,High risk
256.0,0.0,0.5016599206997805,Low risk
723.0,1.0,0.5582430505314026,Low risk
815.0,1.0,0.9653658020102075,High risk
1063.0,1.0,0.4726435794979508,Low risk
881.0,1.0,0.5207663371707825,Low risk
708.0,0.0,0.8485275496438979,Low risk
854.0,1.0,0.5181052066554976,Low risk
403.0,1.0,0.9236332304563135,High risk
315.0,0.0,0.7302372844829387,Low risk
39.0,1.0,9.045290702692855,High risk
241.0,1.0,0.9574395933332944,High risk
1747.0,1.0,0.4939320779229153,Low risk
