feature,hazard_ratio,95% CI,p_value,significant_p_lt_0.05
Age_years,1.004401060249666,0.9842 - 1.025,0.6719224230776255,False
Sex_male,0.6384145482393377,0.4274 - 0.9536,0.0283572300022471,True
Race_black or african american,0.6762178379006373,0.096 - 4.762,0.6944254618246157,False
Race_other,1.115034534203998,0.6242 - 1.9919,0.7130080362239035,False
Race_white,1.0449645650566637,0.6179 - 1.7672,0.869669415688636,False
Ethnicity_hispanic or latino,0.9685330443722208,0.0022 - 432.5024,0.9918055726838216,False
Ethnicity_not hispanic or latino,0.6916049879777089,0.3705 - 1.2912,0.2469963334683986,False
Tumor Grade_G2,0.641607321233276,0.3533 - 1.1652,0.1448957619824764,False
Tumor Grade_G3,1.5142268978856128,0.7889 - 2.9066,0.2123564935645185,False
Tumor Grade_G4,4.386659639471886,0.5101 - 37.7265,0.1780593246499529,False
AJCC Pathologic Stage_Stage IA,0.7795350904988886,0.1368 - 4.4431,0.779111861032885,False
AJCC Pathologic Stage_Stage IB,0.7214823102041873,0.2606 - 1.9974,0.5297801822357151,False
AJCC Pathologic Stage_Stage IIA,0.9425723572746252,0.3484 - 2.5501,0.907282247886302,False
AJCC Pathologic Stage_Stage IIB,0.9401283537039375,0.4576 - 1.9316,0.8665463291371798,False
AJCC Pathologic Stage_Stage III,1.1830908797880362,0.551 - 2.5405,0.6663267998182814,False
AJCC Pathologic Stage_Stage IIIB,0.2130461834626294,0.0041 - 11.0232,0.4425072558671821,False
AJCC Pathologic Stage_Stage IV,1.4850292904673388,0.4106 - 5.3716,0.5466289129010435,False
AJCC Pathologic Stage_Unknown,2.4709134124738914,0.1504 - 40.5857,0.5264298202071316,False
AJCC Pathologic T_T1a,2.955087756265172,0.2376 - 36.7463,0.3994754927668423,False
AJCC Pathologic T_T1c,0.6615905432000518,0.1123 - 3.8989,0.6480564449206431,False
AJCC Pathologic T_T2,0.9603683706342864,0.4478 - 2.0595,0.917258338360176,False
AJCC Pathologic T_T3,0.8655816237065064,0.4166 - 1.7985,0.6988400612154573,False
AJCC Pathologic T_T4,1.0515027762196376,0.3076 - 3.5948,0.9361798782619406,False
AJCC Pathologic T_TX,0.6054268783857698,0.1169 - 3.1358,0.5498351954123312,False
AJCC Pathologic T_Unknown,2.4709134124738914,0.1504 - 40.5857,0.5264298202071316,False
AJCC Pathologic N_N1,0.8539604630249722,0.4239 - 1.7205,0.6586791544937325,False
AJCC Pathologic N_N2,1.3190484409359349,0.5745 - 3.0283,0.5137345023652864,False
AJCC Pathologic N_NX,1.9066072580626876,0.471 - 7.7183,0.3656992860855567,False
AJCC Pathologic N_Unknown,1.2207917184291164,0.1296 - 11.4982,0.8615905675314836,False
AJCC Pathologic M_M1,1.4716917780289638,0.3965 - 5.462,0.5635941931978885,False
AJCC Pathologic M_M1b,32.64837333119027,2.7125 - 392.9573,0.006030881466208,True
AJCC Pathologic M_MX,1.1508396063587123,0.6537 - 2.0262,0.626397746324235,False
