model,fold,c_index
clinical,1,0.6363636363636364
clinical,2,0.8888888888888888
clinical,3,0.375
clinical,4,0.4444444444444444
clinical,5,0.7352941176470589
clinical,mean,0.6159982174688057
clinical,std,0.21013472969516564
radiomics,1,0.4772727272727273
radiomics,2,0.6111111111111112
radiomics,3,0.65625
radiomics,4,0.2777777777777778
radiomics,5,0.5
radiomics,mean,0.5044823232323232
radiomics,std,0.1471041556003374
combined,1,0.6136363636363636
combined,2,0.9166666666666666
combined,3,0.53125
combined,4,0.3888888888888889
combined,5,0.7941176470588235
combined,mean,0.6489119132501485
combined,std,0.20945045746922616
